<Product xmlns="http://code.google.com/p/open-zwave/">

    <!-- Popp Battery Wall Switch Z-Wave+ -->
	
    <!-- Configuration Parameters -->
	<CommandClass id="112">
		<Value type="list" index="1" genre="config" label="Button 1 and 3 pair mode" min="0" max="2" size="1" value="1">
        <Help>In separate mode button 1 works with Group A, button 3 with Group C. Click is ON, Hold is dimming UP, Double click is OFF, Click-Hold is dimming DOWN. In pair button 1/3 are UP/DOWN correspondingly. Click is ON/OFF, Hold is dimming UP/DOWN. Single clicks works with Group A, double click with Group C.</Help>
            <Item label="Separately" value="0"/>
            <Item label="In pair without double clicks (default)" value="1"/>
            <Item label="In pair with double clicks" value="2"/>
        </Value>
		<Value type="list" index="2" genre="config" label="Button 2 and 4 pair mode" min="0" max="2" size="1" value="1">
        <Help>In separate mode button 2 works with control group B, button 4 with control group D. Click is ON, Hold is dimming UP, Double click is OFF, Click-Hold is dimming DOWN. In pair button B/D are UP/DOWN correspondingly. Click is ON/OFF, Hold is dimming UP/DOWN. Single clicks works with Group B, double click with Group D.</Help>
            <Item label="Separately" value="0"/>
            <Item label="In pair without double clicks (default)" value="1"/>
            <Item label="In pair with double clicks" value="2"/>
        </Value>
		<Value type="list" index="11" genre="config" label="Command to control Group A" min="0" max="8" size="1" value="8">
        <Help>This parameter defines the command to be sent to devices of control group A when the related button is pressed.</Help>
            <Item label="Disable" value="0"/>
            <Item label="Switch on/off and Dim (send Basic Set and Switch Multilevel)" value="1"/>
            <Item label="Switch on/off only (send Basic Set)" value="2"/>
			<Item label="Switch all" value="3"/>
			<Item label="Send scenes" value="4"/>
			<Item label="Send preconfigured scenes" value="5"/>
			<Item label="Control devices in proximity" value="6"/>
			<Item label="Control door lock" value="7"/>
			<Item label="Central scene to gateway (default)" value="8"/>
        </Value>
		<Value type="list" index="12" genre="config" label="Command to control Group B" min="0" max="8" size="1" value="8">
        <Help>This parameter defines the command to be sent to devices of control group B when the related button is pressed.</Help>
            <Item label="Disable" value="0"/>
            <Item label="Switch on/off and Dim (send Basic Set and Switch Multilevel)" value="1"/>
            <Item label="Switch on/off only (send Basic Set)" value="2"/>
			<Item label="Switch all" value="3"/>
			<Item label="Send scenes" value="4"/>
			<Item label="Send preconfigured scenes" value="5"/>
			<Item label="Control devices in proximity" value="6"/>
			<Item label="Control door lock" value="7"/>
			<Item label="Central scene to gateway (default)" value="8"/>
        </Value>
		<Value type="list" index="13" genre="config" label="Command to control Group C" min="0" max="8" size="1" value="8">
        <Help>This parameter defines the command to be sent to devices of control group C when the related button is pressed.</Help>
            <Item label="Disable" value="0"/>
            <Item label="Switch on/off and Dim (send Basic Set and Switch Multilevel)" value="1"/>
            <Item label="Switch on/off only (send Basic Set)" value="2"/>
			<Item label="Switch all" value="3"/>
			<Item label="Send scenes" value="4"/>
			<Item label="Send preconfigured scenes" value="5"/>
			<Item label="Control devices in proximity" value="6"/>
			<Item label="Control door lock" value="7"/>
			<Item label="Central scene to gateway (default)" value="8"/>
        </Value>
		<Value type="list" index="14" genre="config" label="Command to control Group D" min="0" max="8" size="1" value="8">
        <Help>This parameter defines the command to be sent to devices of control group D when the related button is pressed.</Help>
            <Item label="Disable" value="0"/>
            <Item label="Switch on/off and Dim (send Basic Set and Switch Multilevel)" value="1"/>
            <Item label="Switch on/off only (send Basic Set)" value="2"/>
			<Item label="Switch all" value="3"/>
			<Item label="Send scenes" value="4"/>
			<Item label="Send preconfigured scenes" value="5"/>
			<Item label="Control devices in proximity" value="6"/>
			<Item label="Control door lock" value="7"/>
			<Item label="Central scene to gateway (default)" value="8"/>
        </Value>
		<Value type="list" index="21" genre="config" label="Send the following switch all commands" min="0" max="255" size="1" value="1">
        <Help></Help>
            <Item label="Switch off only (default)" value="1"/>
            <Item label="Switch on only" value="2"/>
            <Item label="Switch all on and off" value="255"/>
        </Value>
		<Value type="list" index="22" genre="config" label="Invert buttons" min="0" max="1" size="1" value="0">
        <Help></Help>
            <Item label="No (default)" value="0"/>
            <Item label="Yes" value="1"/>
        </Value>
		<Value type="list" index="25" genre="config" label="Blocks wake up even when Wake Up Interval is set" min="0" max="1" size="1" value="0">
        <Help>If the Wall Controller wakes up and there is no controller nearby, several unsuccessful communication attempts will drain battery.</Help>
            <Item label="Wake up is blocked (default)" value="0"/>
            <Item label="Wake up is possible if configured accordingly" value="1"/>
        </Value>
		<Value type="list" index="30" genre="config" label="Send unsolicited battery report on Wake Up" min="0" max="2" size="1" value="1">
        <Help>If the Wall Controller wakes up and there is no controller nearby, several unsuccessful communication attempts will drain battery.</Help>
            <Item label="No" value="0"/>
            <Item label="To same node as Wake Up Notification (default)" value="1"/>
			<Item label="Broadcast to neighbors" value="2"/>
        </Value>
    </CommandClass>
    <!-- Association Groups -->
    <CommandClass id="133">
        <Associations num_groups="5">
            <Group index="1" max_associations="10" label="Lifeline" />
            <Group index="2" max_associations="10" label="Control Group A, controlled by button 1 or single clicks of buttons 1 and 3" />
            <Group index="3" max_associations="10" label="Control Group B, controlled by button 2 or single clicks of buttons 2 and 4" />
            <Group index="4" max_associations="10" label="Control Group C, controlled by button 3 or double clicks of buttons 1 and 3" />
            <Group index="5" max_associations="10" label="Control Group D, controlled by button 4 or double clicks of buttons 2 and 4" />
        </Associations>
    </CommandClass>
</Product>
