<?xml version="1.0" encoding="utf-8"?>
<!--http://www.pepper1.net/zwavedb/device/85-->
<Product xmlns='http://code.google.com/p/open-zwave/'>
  <!-- Configuration -->
  <CommandClass id="112">

    <Value type="byte" genre="config" instance="1" index="1" label="Switching additional CONNECT radio receivers" value="1">
      <Help>To configure if other radio recivers from Merten should be switched as well.</Help>
    </Value>

    <Value type="byte" genre="config" instance="1" index="176" label="Changeover delay (motor protection)" value="100">
      <Help>To configure the time the motor waits before switching direction.</Help>
    </Value>

    <Value type="byte" genre="config" instance="1" index="177" label="Raising time input 1" value="100">
      <Help>To configure input 1 of the raising time calculation (256 * Input 1 + Input 2) * 0.1 sec</Help>
    </Value>

    <Value type="byte" genre="config" instance="1" index="178" label="Raising time input 2" value="100">
      <Help>To configure input 1 of the raising time calculation (256 * Input 1 + Input 2) * 0.1 sec</Help>
    </Value>

    <Value type="byte" genre="config" instance="1" index="179" label="Lowering time input 1" value="100">
      <Help>To configure input 1 of the lowering time calculation (256 * Input 1 + Input 2) * 0.1 sec</Help>
    </Value>

    <Value type="byte" genre="config" instance="1" index="180" label="Lowering time input 2" value="100">
      <Help>To configure input 1 of the lowering time calculation (256 * Input 1 + Input 2) * 0.1 sec</Help>
    </Value>

    <Value type="list" genre="config" instance="1" index="181" label="Light sensor" value="0" size="1">
      <Help>To configure use of light sensor. Default: 0 .</Help>
      <Item label="0 - Auto" value="0"/>
      <Item label="1 - On" value="1"/>
      <Item label="2 - Off" value="1"/>
    </Value>

    <Value type="byte" genre="config" instance="1" index="182" label="Brightness threshold for light sensor" value="1">
      <Help>To configure brightness threshold for light sensor.</Help>
    </Value>

    <Value type="byte" genre="config" instance="1" index="183" label="Sensor raising reaction threshold input 1" value="1">
      <Help>To configure input 1 of reaction threshold for raising shutter time calculation (256 * Input 1 + Input 2) * 0.1 sec</Help>
    </Value>

    <Value type="byte" genre="config" instance="1" index="184" label="Sensor raising reaction threshold input 1" value="100">
      <Help>To configure input 2 of reaction threshold for raising shutter time calculation (256 * Input 1 + Input 2) * 0.1 sec</Help>
    </Value>

    <Value type="byte" genre="config" instance="1" index="185" label="Sensor lowering reaction threshold input 1" value="1">
      <Help>To configure input 1 of reaction threshold for lowering shutter time calculation (256 * Input 1 + Input 2) * 0.1 sec</Help>
    </Value>

    <Value type="byte" genre="config" instance="1" index="186" label="Sensor lowering reaction threshold input 1" value="100">
      <Help>To configure input 2 of reaction threshold for lowering shutter time calculation (256 * Input 1 + Input 2) * 0.1 sec</Help>
    </Value>

	</CommandClass>
  
  <!-- COMMAND_CLASS_ALARM AlarmCmd_Get not supported -->
  <CommandClass id="113" getsupported="false" />

  <!-- Association Groups -->
  <CommandClass id="133">
    <Associations num_groups="1">
      <Group index="1" max_associations="5" label="Group 1" />
    </Associations>
  </CommandClass>

</Product>