<?xml version="1.0" encoding="utf-8"?>
<ManufacturerSpecificData xmlns='http://code.google.com/p/open-zwave/'>
	<Manufacturer id="0040" name="2B Electronics">
	</Manufacturer>
	<Manufacturer id="0098" name="2GIG Technologies">
		<Product type="1e12" id="015c" name="CT30 Thermostat" config="2gig/ct30.xml"/>
		<Product type="1e12" id="015e" name="CT30 Thermostat" config="2gig/ct30.xml"/>
		<Product type="6401" id="0105" name="CT100 Thermostat" config="2gig/ct100.xml"/>
		<Product type="6401" id="0107" name="CT100 Thermostat USA" config="2gig/ct100.xml"/>
		<Product type="6501" id="000c" name="CT101 Thermostat (Iris)" config="2gig/ct101.xml"/>
	</Manufacturer>
	<Manufacturer id="002a" name="3e Technologies">
	</Manufacturer>
	<Manufacturer id="0022" name="A-1 Components">
	</Manufacturer>
	<Manufacturer id="0001" name="ACT">
		<Product type="4349" id="3130" name="ZCS101 Serial Interface"/>
		<Product type="4952" id="3030" name="ZIR000 PIR Motion Sensor" config="act/zir010.xml"/>
		<Product type="4952" id="3330" name="ZIR010 PIR Motion Sensor" config="act/zir010.xml"/>
		<Product type="4952" id="3130" name="ZIR010 PIR Motion Sensor" config="act/zir010.xml"/>
		<Product type="4450" id="3030" name="ZDP100 Plugin Lamp Module"/>
		<Product type="4457" id="3033" name="ZDW103 Wall Dimmer Module" config="act/zdw103.xml"/>
		<Product type="4457" id="3330" name="ZDW230 Wall Dimmer Module"/>
		<Product type="4457" id="3332" name="ZDW232 Wall Dimmer Module" config="act/zdw232.xml"/>
		<Product type="444d" id="3330" name="ZDM230 Wall Dimmer Module" config="act/zdm230.xml"/>
		<Product type="5250" id="3030" name="ZRP100 Plugin Appliance Module"/>
		<Product type="5250" id="3130" name="ZRP110 Exterior Appliance Module" config="act/zrp110.xml"/>
		<Product type="5257" id="3330" name="ZRW230 Wall Appliance Module"/>
		<Product type="5246" id="3133" name="LFM-20 Relay Fixture Module" config="act/lfm20.xml"/>
		<Product type="5257" id="3033" name="ZRW103 Wall Switch Module" config="act/zrw103.xml"/>
		<Product type="524d" id="3330" name="ZRM230 Wall Appliance Module"/>
		<Product type="5457" id="3330" name="ZTW230 Wall Transmitter Module"/>
		<Product type="544d" id="3330" name="ZTM230 Wall Transmitter Module"/>
	</Manufacturer>
	<Manufacturer id="0086" name="Aeotec">
		<Product type="0000" id="0000" name="Z-Wave Extender"/>
		<Product type="0001" id="0001" name="Z-Stick"/>
		<Product type="0001" id="0002" name="Z-Stick S2"/>
		<Product type="0001" id="0003" name="Minimote" config="aeotec/minimote.xml"/>
		<Product type="0001" id="0007" name="Z-Stick S2 Lite"/>
		<Product type="0001" id="0016" name="Key Fob" config="aeotec/keyfob.xml"/>
		<Product type="0001" id="0058" name="ZW088 Key Fob Gen5" config="aeotec/keyfob2.xml"/>
		<Product type="0001" id="005a" name="Z-Stick Gen5" config="aeotec/zstickgen5.xml"/>
		<Product type="0001" id="005c" name="Z-Stick Lite Gen5"/>
		<Product type="0001" id="0026" name="Panic Button" config="aeotec/panicbtn.xml"/>
		<Product type="0002" id="0001" name="Z-Stick S2"/>
		<Product type="0002" id="0004" name="Door/Window Sensor" config="aeotec/doorwindow.xml"/>
		<Product type="0002" id="0005" name="Multi Sensor" config="aeotec/alms.xml"/>
		<Product type="0002" id="0009" name="Home Energy Meter" config="aeotec/hem.xml"/>
		<Product type="0002" id="001c" name="Home Energy Meter G2" config="aeotec/hemg2.xml"/>
		<Product type="0002" id="001d" name="Door/Window Sensor" config="aeotec/doorwindow.xml"/>
		<Product type="0002" id="002d" name="Water Sensor" config="aeotec/watersensor.xml" />
		<Product type="0002" id="0036" name="Recessed Door Sensor" config="aeotec/recessed_doorsensor.xml"/>
		<Product type="0002" id="004a" name="Multi Sensor Gen5" config="aeotec/multisensor_gen5.xml"/>
		<Product type="0002" id="0059" name="Recessed Door Sensor" config="aeotec/recessed_doorsensor_gen5.xml"/>
		<Product type="0003" id="0006" name="Smart Energy Switch" config="aeotec/ses.xml"/>
		<Product type="0003" id="0008" name="Smart Energy Illuminator"/>
		<Product type="0003" id="000a" name="Smart Energy 220V Utility Switch"/>
		<Product type="0003" id="000b" name="Smart Energy Strip"/>
		<Product type="0003" id="000c" name="Micro Smart Energy Switch" config="aeotec/ses.xml"/>
		<Product type="0003" id="000d" name="Micro Smart Energy Illuminator"/>
		<Product type="0003" id="000e" name="Micro Motor Controller"/>
		<Product type="0003" id="0011" name="Micro Double Switch" />
		<Product type="0003" id="0018" name="Smart Switch (2nd Edition)"/>
		<Product type="0003" id="001a" name="Micro Switch (2nd Edition)"/>
		<Product type="0003" id="001b" name="Micro Smart Energy Illuminator G2"/>
		<Product type="0003" id="0012" name="Micro Smart Energy Switch G2" config="aeotec/msesv2.xml" />
		<Product type="0003" id="0013" name="Micro Smart Energy Dimmer v2" config="aeotec/msesv2.xml" />
		<Product type="0003" id="004b" name="Smart Energy Switch Gen5" config="aeotec/ses2.xml"/>
		<Product type="0003" id="004e" name="Heavy Duty Smart Switch Gen5" config="aeotec/hdss_gen5.xml" />
		<Product type="0004" id="0025" name="Z-Wave Repeater"/>
		<Product type="0004" id="0050" name="DSD31 Siren Gen5" config="aeotec/dsd31.xml"/>
        	<!-- US-market products start with type prefix "01" -->
		<Product type="0101" id="005a" name="Z-Stick Gen5" config="aeotec/zstickgen5.xml"/>
		<Product type="0102" id="0059" name="Recessed Door Sensor Gen5" config="aeotec/recessed_doorsensor_gen5.xml"/>
	        <Product type="0004" id="0038" name="DoorBell Gen5" config="aeotec/doorbell_gen5.xml" />
	        <Product type="0104" id="0038" name="DoorBell Gen5" config="aeotec/doorbell_gen5.xml" />
	        <Product type="0204" id="0038" name="DoorBell Gen5" config="aeotec/doorbell_gen5.xml" />
		<Product type="0304" id="0038" name="DoorBell Gen5" config="aeotec/doorbell_gen5.xml" />
	        <Product type="0904" id="0038" name="DoorBell Gen5" config="aeotec/doorbell_gen5.xml" />
		<Product type="1D04" id="0038" name="DoorBell Gen5" config="aeotec/doorbell_gen5.xml" />
		<Product type="1A04" id="0038" name="DoorBell Gen5" config="aeotec/doorbell_gen5.xml" />
		<Product type="0A04" id="0038" name="DoorBell Gen5" config="aeotec/doorbell_gen5.xml" />
	        <Product type="0002" id="0061" name="Dry Contact Sensor Gen5" config="aeotec/drycontactsensor.xml" />
	        <Product type="0102" id="0061" name="Dry Contact Sensor Gen5" config="aeotec/drycontactsensor.xml" />
	        <Product type="0202" id="0061" name="Dry Contact Sensor Gen5" config="aeotec/drycontactsensor.xml" />
	        <!-- AU-market products start with type prefix "02" -->
		<Product type="0201" id="005a" name="Z-Stick Gen5" config="aeotec/zstickgen5.xml"/>
		<Product type="0202" id="0059" name="Recessed Door Sensor Gen5" config="aeotec/recessed_doorsensor_gen5.xml"/>
		<Product type="0003" id="0060" name="Smart Switch 6" config="aeotec/ss6.xml" />
		<Product type="0103" id="0060" name="Smart Switch 6" config="aeotec/ss6.xml" />
		<Product type="0203" id="0060" name="Smart Switch 6" config="aeotec/ss6.xml" />
		<Product type="0002" id="0064" name="MultiSensor 6" config="aeotec/multisensor6.xml" />
		<Product type="0102" id="0064" name="MultiSensor 6" config="aeotec/multisensor6.xml" />
		<Product type="0202" id="0064" name="MultiSensor 6" config="aeotec/multisensor6.xml" />
		<Product type="0003" id="0062" name="LED Bulb" config="aeotec/ledbulb.xml" />
		<Product type="0103" id="0062" name="LED Bulb" config="aeotec/ledbulb.xml" />
		<Product type="0203" id="0062" name="LED Bulb" config="aeotec/ledbulb.xml" />
		<Product type="0003" id="0063" name="Smart Dimmer 6" config="aeotec/sd6.xml" />
		<Product type="0103" id="0063" name="Smart Dimmer 6" config="aeotec/sd6.xml" />
		<Product type="0203" id="0063" name="Smart Dimmer 6" config="aeotec/sd6.xml" />
		<Product type="1D03" id="0063" name="Smart Dimmer 6" config="aeotec/sd6.xml" />
	</Manufacturer>
        <Manufacturer id="0111" name="Airline Mechanical">
                <Product type="8200" id="0200" name="ZDS-100"/>
        </Manufacturer>
	<Manufacturer id="0094" name="Alarm.com">
	</Manufacturer>
	<Manufacturer id="0029" name="Asia Heading">
	</Manufacturer>
	<Manufacturer id="0129" name="Assa Abloy">
		<Product type="0001" id="0000" name="Yale Real Living Cap-Touch Lever Lock"/>
		<Product type="0002" id="0000" name="Yale Real Living Cap-Touch Deadbolt" config="assa_abloy/RealLivingCapTouch.xml" />
	</Manufacturer>
	<Manufacturer id="005d" name="Aspalis">
		<Product type="0202" id="0511" name="Plugin Lamp Module"/>
	</Manufacturer>
	<Manufacturer id="002b" name="Atech">
	</Manufacturer>
	<Manufacturer id="0018" name="Balboa Inst.">
	</Manufacturer>
	<Manufacturer id="008a" name="BeNext">
		<Product type="0001" id="0100" name="myGate"/>
		<Product type="0002" id="0100" name="myDisplay"/>
		<Product type="0003" id="0100" name="MoLiTe Sensor" config="BeNext/Molite.xml"/>
		<Product type="0003" id="0101" name="DHS-ZW-SNMT-01 Multi Sensor" config="BeNext/Molite.xml"/>
		<Product type="0004" id="0100" name="Door Sensor" config="BeNext/DoorSensor.xml"/>
		<Product type="0004" id="0101" name="Door Sensor" config="BeNext/DoorSensor.xml"/>
		<Product type="0005" id="0101" name="Alarm Sound" config="BeNext/AlarmSound.xml"/>
		<Product type="0006" id="0101" name="Energy Switch" config="BeNext/EnergySwitch.xml"/>
		<Product type="0006" id="0200" name="Energy Switch" config="BeNext/EnergySwitch.xml"/>
		<Product type="0007" id="0100" name="Tag Reader" config="BeNext/TagReader.xml"/>
		<Product type="0007" id="0101" name="Tag Reader" config="BeNext/TagReader.xml"/>
		<Product type="0008" id="0101" name="Power Switch"/>
		<Product type="000d" id="0100" name="Built-in Dimmer" config="BeNext/BuiltinDimmer.xml"/>
		<Product type="0014" id="0100" name="Panic Button"/>
		<Product type="0014" id="0101" name="Panic Button"/>
		<Product type="0015" id="0100" name="Panic Watch"/>
		<Product type="0017" id="0100" name="Scene Controller" config="BeNext/SceneController.xml"/>
		<Product type="0018" id="0100" name="Plug-in Dimmer" config="BeNext/PluginDimmer.xml"/>
		<Product type="001e" id="0001" name="1Pole Switch" config="BeNext/1poleswitch.xml"/>
		<Product type="001f" id="0001" name="2Pole Switch" config="BeNext/2poleswitch.xml"/>
		<Product type="0020" id="0001" name="Energy Switch plus" config="BeNext/EnergySwitch.xml"/>
		<Product type="0021" id="0001" name="Heating Control" config="BeNext/HeatingControl.xml"/>
	</Manufacturer>
	<Manufacturer id="002c" name="BeSafer">
	</Manufacturer>
	<Manufacturer id="0023" name="Boca Devices">
	</Manufacturer>
	<Manufacturer id="002d" name="Broadband Energy">
	</Manufacturer>
	<Manufacturer id="0123" name="Iwatsu Electric Co">
		<Product type="0000" id="0000" name="TM-H2VHD081 HA Dongle"/>
		<Product type="0102" id="0102" name="NE-4CT-2P Electric Power Measuring Equipment"/>
		<Product type="0103" id="0103" name="NE-4CT Electric Power Measuring Equipment"/>
	</Manufacturer>
	<Manufacturer id="0145" name="Buffalo">
		<Product type="0001" id="0004" name="HW-100V15A-ZW Measure Power Monitor"/>
	</Manufacturer>
	<Manufacturer id="0026" name="BuLogics">
	</Manufacturer>
	<Manufacturer id="002e" name="Carrier">
	</Manufacturer>
	<Manufacturer id="0011" name="CasaWorks">
	</Manufacturer>
	<Manufacturer id="002f" name="Color Kinetics">
	</Manufacturer>
	<Manufacturer id="0179" name="ConnectHome">
		<Product type="0001" id="0001" name="CH-201 Thermostat"/>
	</Manufacturer>
	<Manufacturer id="0019" name="ControlThink">
	</Manufacturer>
	<Manufacturer id="0015" name="ConvergeX">
	</Manufacturer>
	<Manufacturer id="001a" name="Cooper">
		<Product type="4449" id="0002" name="RF9534DS Wall Dimmer Module"/>
		<Product type="4449" id="0101" name="RF9540-N All Load Dimmer Light Switch" config="cooper/RF9540-N.xml"/>
		<Product type="5244" id="0000" name="RF9505-T Split Control Duplex Receptacle" config="cooper/RF9505-T.xml"/>
	</Manufacturer>
	<Manufacturer id="009d" name="Coventive">
	</Manufacturer>
	<Manufacturer id="0020" name="Cyberhouse">
	</Manufacturer>
	<Manufacturer id="0030" name="Cytech Tech">
		<Product type="0001" id="0001" name="Comfort 9000 with UCM/Zwave"/>
	</Manufacturer>
	<Manufacturer id="0108" name="D-Link Corporation">
		<Product type="0002" id="000e" name="DCH-Z110 Door/Window 3 in 1 sensor" config="dlink/dch-z110.xml"/>
	</Manufacturer>
	<Manufacturer id="0002" name="Danfoss">
		<Product type="0005" id="0003" name="Z Thermostat" config="danfoss/z.xml"/>
		<Product type="0005" id="0004" name="Z Thermostat 014G0013" config="danfoss/z.xml"/>
		<Product type="0064" id="0001" name="RA Plus-W Radiator Thermostat"/>
		<Product type="8004" id="2000" name="RXZ3 RF relay Switching Unit"/>
		<Product type="8005" id="0001" name="Living Connect Radiator Thermostat" config="danfoss/living.xml"/>
	</Manufacturer>
	<Manufacturer id="0031" name="Destiny Networks">
	</Manufacturer>
	<Manufacturer id="0050" name="Digital 5">
	</Manufacturer>
	<Manufacturer id="0184" name="Dragon Tech">
		<Product type="4447" id="3034" name="In Wall Dimmer" config="dragontech/wd-100.xml" />
	</Manufacturer>
	<Manufacturer id="0012" name="E Housekeeper">
		<Product type="0001" id="0001" name="Switchkeeper Plug-in Appliance Module"/>
	</Manufacturer>
        <Manufacturer id="014a" name="Ecolink">
                <Product type="0001" id="0003" name="Garage Door Sensor"/>
        </Manufacturer>
	<Manufacturer id="0087" name="Eka Systems">
	</Manufacturer>
	<Manufacturer id="0033" name="Electronic Solutions Inc">
		<Product type="5250" id="02" name="DBMZ Motor Control"/>
	</Manufacturer>
	<Manufacturer id="0034" name="El-Gev Electronics">
	</Manufacturer>
	<Manufacturer id="001b" name="ELK Products">
	</Manufacturer>
	<Manufacturer id="0035" name="Embedit A/S">
	</Manufacturer>
	<Manufacturer id="0148" name="EUROtronic">
		<Product type="0001" id="0001" name="EUR_STELLAZ Wall Radiator Thermostat Valve Control" config="eurotronic/eur_stellaz.xml"/>
		<Product type="0002" id="0001" name="EUR_COMETZ Wall Radiator Thermostat Valve Control" config="eurotronic/eur_cometz.xml"/>
	</Manufacturer>
	<Manufacturer id="0128" name="Eneco">
		<Product type="0000" id="0000" name="ED2.0 Meter Adapter"/>
		<Product type="0128" id="0000" name="ED2.0 Display"/>
	</Manufacturer>
	<Manufacturer id="011a" name="Enerwave">
		<Product type="0801" id="0b03" name="ZWN-SC7 7-Button Scene Controller" config="enerwave/zwn-sc7.xml"/>
	</Manufacturer>
	<Manufacturer id="0060" name="Everspring">
		<Product type="0001" id="0001" name="HSP02 Motion Detector" config="everspring/hsp02.xml"/>
		<Product type="0001" id="0002" name="SP814 Motion Detector" config="everspring/sp814.xml"/>
		<Product type="0002" id="0001" name="SM103 Door/Window Sensor" config="everspring/sm103.xml"/>
		<Product type="0003" id="0001" name="AD142 Plug-in Dimmer Module"/>
        <Product type="0003" id="0003" name="AD147 Plug-in Dimmer Module" config="everspring/ad147.xml"/>
        <Product type="0003" id="0002" name="AD146 In wall Dimmer Module" config="everspring/ad146.xml"/>
		<Product type="0004" id="0001" name="AN157 Plug-in Appliance Module"/>
		<Product type="0004" id="0002" name="AN158 Plug-in Meter Appliance Module" config="everspring/an158.xml"/>
        <Product type="0004" id="0007" name="AN180 Plug-in ON/OFF Module" config="everspring/an180.xml"/>
        <Product type="0004" id="0008" name="AN179 In wall ON/OFF Module" config="everspring/an179.xml"/>
		<Product type="0006" id="0001" name="ST814 Temperature and Humidity Sensor" config="everspring/st814.xml"/>
		<Product type="0007" id="0001" name="ST815 Illumination Sensor" config="everspring/st815.xml"/>
		<Product type="0009" id="0001" name="TSE03 Door Bell" config="everspring/tse03.xml"/>
		<Product type="000b" id="0001" name="ST812 Flood Detector" config="everspring/st812.xml"/>
		<Product type="000c" id="0001" name="SE812 Siren" config="everspring/se812.xml"/>
		<Product type="000d" id="0001" name="SF812 Smoke Alarm" config="everspring/sf812.xml"/>
		<Product type="0010" id="0001" name="HAC01 In-wall Remote Module"/>
		<Product type="0011" id="0001" name="HAN01 In-wall Remote Module"/>
		<Product type="0011" id="0002" name="HAN02 In-wall Remote Module"/>
		<Product type="0101" id="0001" name="SP103 PIR Motion Sensor" config="everspring/sp103.xml"/>
		<Product type="0104" id="0001" name="AN145 Lamp Screw In Module" config="everspring/an145.xml"/>
		<Product type="0202" id="0001" name="SM103 Door/Window Sensor" config="everspring/sm103.xml"/>
	</Manufacturer>
	<Manufacturer id="0116" name="Chromagic Technologies Corporation">
		<Product type="0001" id="0001" name="HSCP02 Motion Detector" config="everspring/hsp02.xml"/>
		<Product type="0002" id="0001" name="HSM02 Mini Door/Window Detector" config="everspringct/hsm02.xml" />
		<Product type="0010" id="0001" name="HAC01 Remote Button"/>
	</Manufacturer>
	<Manufacturer id="0103" name="DiehlControls">
                <Product type="0002" id="0002" name="Dimmer Actuator"/>
	</Manufacturer>
	<Manufacturer id="014d" name="Enblink">
                <Product type="0001" id="0001" name="SS201-US-W Z-Wave Controller"/>
	</Manufacturer>
	<Manufacturer id="0113" name="Evolve Guest Controls">
		<Product type="4457" id="3034" name="LRM-AS Wall Dimmer 500W" config="evolve/lrm-as.xml"/>
                <Product type="5246" id="3133" name="LFM-20 Fixture Module"/>
                <Product type="5257" id="3533" name="LSM-15 Wall Switch" config="evolve/lsm-15.xml"/>
		<Product type="5457" id="3033" name="LTM-5 Wall Switch Transmitter" config="evolve/ltm-5.xml" />
	</Manufacturer>
	<Manufacturer id="0036" name="Exceptional Innv">
	</Manufacturer>
	<Manufacturer id="0004" name="Exhausto">
	</Manufacturer>
	<Manufacturer id="009f" name="Exigent">
	</Manufacturer>
	<Manufacturer id="0085" name="Fakro">
	</Manufacturer>
	<Manufacturer id="010f" name="FIBARO System">
		<Product type="0501" id="0101" name="FGBS001 Universal Binary Sensor" config="fibaro/fgbs001.xml" />
		<Product type="0501" id="0102" name="FGBS001 Universal Binary Sensor" config="fibaro/fgbs001.xml" />
		<Product type="0501" id="0109" name="FGBS001 Universal Binary Sensor" config="fibaro/fgbs001.xml" />
		<Product type="0501" id="1002" name="FGBS001 Universal Binary Sensor" config="fibaro/fgbs001.xml" />
		<Product type="0501" id="4002" name="FGBS001 Universal Binary Sensor" config="fibaro/fgbs001.xml" />
		<Product type="0100" id="0104" name="FGD211 Universal Dimmer 500W" config="fibaro/fgd211.xml" />
		<Product type="0100" id="0106" name="FGD211 Universal Dimmer 500W" config="fibaro/fgd211.xml" />
		<Product type="0100" id="0107" name="FGD211 Universal Dimmer 500W" config="fibaro/fgd211.xml" />
		<Product type="0100" id="0109" name="FGD211 Universal Dimmer 500W" config="fibaro/fgd211.xml" />
		<Product type="0100" id="100a" name="FGD211 Universal Dimmer 500W" config="fibaro/fgd211.xml" />
		<Product type="0100" id="300a" name="FGD211 Universal Dimmer 500W" config="fibaro/fgd211.xml" />
		<Product type="0102" id="1000" name="FGD212 Dimmer 2" config="fibaro/fgd212.xml" />		
		<Product type="0700" id="1000" name="FGK101 Door Opening Sensor" config="fibaro/fgk001.xml" />
		<Product type="0700" id="4000" name="FGK101 Door Opening Sensor" config="fibaro/fgk001.xml" />
		<Product type="0300" id="0104" name="FGR221 Roller Shutter Controller" config="fibaro/fgr221.xml"/>
		<Product type="0300" id="100a" name="FGR221 Roller Shutter Controller" config="fibaro/fgr221.xml"/>
		<Product type="0300" id="0106" name="FGR221 Roller Shutter Controller" config="fibaro/fgr221.xml"/>
		<Product type="0300" id="0107" name="FGR221 Roller Shutter Controller" config="fibaro/fgr221.xml"/>
		<Product type="0300" id="0109" name="FGR221 Roller Shutter Controller" config="fibaro/fgr221.xml"/>
		<Product type="0301" id="1001" name="FGRM222 Roller Shutter Controller 2" config="fibaro/fgrm222.xml"/>
		<Product type="0302" id="1000" name="FGRM222 Roller Shutter Controller 2" config="fibaro/fgrm222.xml"/>
		<Product type="0400" id="0104" name="FGS211 Switch 3kW" config="fibaro/fgs211.xml" />
		<Product type="0400" id="0105" name="FGS211 Switch 3kW" config="fibaro/fgs211.xml" />
		<Product type="0400" id="0106" name="FGS211 Switch 3kW" config="fibaro/fgs211.xml" />
		<Product type="0400" id="0107" name="FGS211 Switch 3kW" config="fibaro/fgs211.xml" />
		<Product type="0400" id="0108" name="FGS211 Switch 3kW" config="fibaro/fgs211.xml" />
		<Product type="0400" id="0109" name="FGS221 Switch 3kW" config="fibaro/fgs221.xml" />
		<Product type="0400" id="100a" name="FGS211 Switch 3kW" config="fibaro/fgs211.xml" />
		<Product type="0402" id="1002" name="FGS212 Switch 3kW" config="fibaro/fgs212.xml" />
		<Product type="0200" id="0104" name="FGS221 Double Relay Switch 2x1.5kW" config="fibaro/fgs221.xml" />
		<Product type="0200" id="0105" name="FGS221 Double Relay Switch 2x1.5kW" config="fibaro/fgs221.xml" />
		<Product type="0200" id="0106" name="FGS221 Double Relay Switch 2x1.5kW" config="fibaro/fgs221.xml" />
		<Product type="0200" id="0107" name="FGS221 Double Relay Switch 2x1.5kW" config="fibaro/fgs221.xml" />
		<Product type="0200" id="0109" name="FGS221 Double Relay Switch 2x1.5kW" config="fibaro/fgs221.xml" />
		<Product type="0200" id="100a" name="FGS221 Double Relay Switch 2x1.5kW" config="fibaro/fgs221.xml" />
		<Product type="0200" id="300a" name="FGS221 Double Relay Switch 2x1.5kW" config="fibaro/fgs221.xml" />
		<Product type="0202" id="1002" name="FGS222 Double Relay Switch 2x1.5kW" config="fibaro/fgs222.xml" />
		<Product type="0600" id="1000" name="FGWPE Wall Plug" config="fibaro/fgwpe.xml" />
		<Product type="0800" id="1001" name="FGMS001 Motion Sensor" config="fibaro/fgms.xml" />
		<Product type="0800" id="4001" name="FGMS001 Motion Sensor" config="fibaro/fgms.xml" />
		<Product type="0b00" id="3001" name="FGFS101 Flood Sensor" config ="fibaro/fgfs101.xml" />
		<Product type="0b00" id="1001" name="FGFS101 Flood Sensor" config ="fibaro/fgfs101.xml" />
		<Product type="0b00" id="9e00" name="FGFS101 Flood Sensor" config="fibaro/fgfs101.xml" />
    		<Product type="0900" id="1000" name="FGRGBWM441 RGBW Controller" config="fibaro/fgrgbwm441.xml" />
    		<Product type="0900" id="4000" name="FGRGBWM441 RGBW Controller" config="fibaro/fgrgbwm441.xml" />
    		<Product type="0c00" id="1000" name="FGSS101 Smoke Sensor" config="fibaro/fgss101.xml" />
		<Product type="0c02" id="1002" name="FGSD002 Smoke Sensor" config="fibaro/fgsd002.xml" />
  	</Manufacturer>
	<Manufacturer id="0138" name="First Alert">
    		<Product type="0001" id="0002" name="ZCombo Smoke and Carbon Monoxide Detector" />
	</Manufacturer>
	<Manufacturer id="0037" name="Foard Sys">
	</Manufacturer>
	<Manufacturer id="0137" name="Followgood">
    		<Product type="3001" id="0002" name="SWZ-1002 Binary Power Switch"/>
	</Manufacturer>
	<Manufacturer id="0110" name="Frostdale">
		<Product type="2411" id="0001" name="Nanogrid: FDN2nxx light switch - where n is 1, 2, 3 or 4 buttons"/>
		<Product type="7333" id="0031" name="Nanogrid: FDN2nxx light switch - where n is 1, 2, 3 or 4 buttons" config="frostdale/fdn2nxx.xml"/>
	</Manufacturer>
	<Manufacturer id="0152" name="G.R.">
		<Product type="0202" id="0511" name="Auto Valve"/>
	</Manufacturer>
	<Manufacturer id="0020" name="General Electric">
		<Product type="8007" id="1390" name="Wireless Lighting Control"/>
	</Manufacturer>
	<Manufacturer id="0099" name="GreenWave">
		<Product type="0001" id="0002" name="One Gateway"/>
		<Product type="0002" id="0002" name="PowerNode 1 port" config="greenwave/powernode1.xml"/>
		<Product type="0003" id="0004" name="PowerNode 6 port" config="greenwave/powernode6.xml"/>
	</Manufacturer>
	<Manufacturer id="0084" name="FortrezZ">
		<Product type="0311" id="0109" name="SSA1 / SSA2 - Siren/Strobe Light Alarm"/>
		<Product type="0311" id="010b" name="SSA1 / SSA2 - Siren/Strobe Light Alarm"/>
		<Product type="0313" id="010b" name="SSA2USR - Siren/Strobe Light Alarm"/>
		<Product type="0331" id="010b" name="SSA3 - Siren/Strobe Light Alarm"/>
		<Product type="0453" id="0110" name="MIMOlite Wireless Interface/Bridge Module" config="fortrezz/mimolite.xml"/>
	</Manufacturer>
	<Manufacturer id="0017" name="HiTech Automation">
	</Manufacturer>
	<Manufacturer id="005b" name="HAI">
	</Manufacturer>
	<Manufacturer id="009a" name="Home Auto. Euro">
	</Manufacturer>
	<Manufacturer id="0038" name="Home Director">
	</Manufacturer>
	<Manufacturer id="006f" name="Home Manageables">
		<Product type="0102" id="0001" name="Door/Window Sensor"/>
		<Product type="0104" id="0001" name="HM-AM001 Plugin Appliance Module"/>
	</Manufacturer>
	<Manufacturer id="0080" name="Homepro">
	</Manufacturer>
	<Manufacturer id="001e" name="Homeseer">
		<Product type="0001" id="0002" name="ZTroller" config="homeseer/ztroller.xml"/>
		<Product type="0002" id="0001" name="HSM100 Wireless Multi-Sensor" config="homeseer/hsm100.xml"/>
		<Product type="0002" id="0002" name="EZMotion+ 3-in-1 Sensor" config="homeseer/ezmotionplus.xml"/>
		<Product type="0004" id="0001" name="HSM200 Wireless Multi-Sensor" config="homeseer/hsm200.xml"/>
	</Manufacturer>
	<Manufacturer id="0039" name="Honeywell">
		<Product type="0011" id="0001" name="TH8320ZW1000 Touchscreen Thermostat" config="honeywell/th8320zw1000.xml"/>
	</Manufacturer>
	<Manufacturer id="0059" name="Horstmann">
		<Product type="0001" id="0001" name="ASR-RF Thermostat Receiver"/>
		<Product type="0001" id="0002" name="AS2-RF Thermostat Transmitter"/>
		<Product type="0001" id="0003" name="HRT4-ZW Thermostat Transmitter" config="horstmann/hrt4zw.xml"/>
		<Product type="0003" id="0001" name="ASR-ZW Thermostat Receiver"/>
		<Product type="0004" id="0001" name="SCSC17 Thermostat"/>
		<Product type="000d" id="0001" name="SES 301 Temperature Sensor"/>
		<Product type="000f" id="0001" name="SWM01 Water Meter Sensor"/>
	</Manufacturer>
	<Manufacturer id="0121" name="IBR-ZW">
		<Product type="0001" id="0001" name="I-Bridge Z-Wave Controller"/>
	</Manufacturer>
	<Manufacturer id="0011" name="iCOM Tech">
	</Manufacturer>
	<Manufacturer id="003a" name="Inlon Srl">
	</Manufacturer>
	<Manufacturer id="0077" name="Innovus">
		<Product type="0002" id="0001" name="SmoothRemote Controller"/>
		<Product type="0001" id="0002" name="RAone SmartPower Wall Appliance Module"/>
		<Product type="0001" id="0001" name="RAone SmartDimmer Wall Dimmer Module"/>
	</Manufacturer>
	<Manufacturer id="0006" name="Intel">
	</Manufacturer>
	<Manufacturer id="001c" name="IntelliCon">
	</Manufacturer>
	<Manufacturer id="0005" name="Intermatic">
		<Product type="0002" id="0003" name="HA-02 Appliance Module"/>
		<Product type="0003" id="0003" name="HA-03WD Lamp Module"/>
		<Product type="0004" id="0003" name="HA-04C Outdoor Module"/>
		<Product type="0005" id="0003" name="HA-05C Lamp Screw In Module"/>
		<Product type="0006" id="0003" name="HA-06 In-Wall Switch Dimmer"/>
		<Product type="4341" id="0600" name="CA600 Wall Dimmer"/>
		<Product type="4341" id="3000" name="CA3000 Wall Switch"/>
		<Product type="4341" id="3500" name="CA3560 Split-Duplex Receptacle"/>
		<Product type="4341" id="8900" name="CA8900 Digital Thermostat" config="intermatic/ca8900.xml"/>
		<Product type="4341" id="9000" name="CA9000 PIR Occupancy Sensor"/>
	</Manufacturer>
	<Manufacturer id="0013" name="Internet Dom">
	</Manufacturer>
	<Manufacturer id="0126" name="Iris">
		<Product type="0002" id="0001" name="Range Extender" config="iris/rangeextender.xml"/>
	</Manufacturer>
	<Manufacturer id="0063" name="GE">
		<Product type="4450" id="3030" name="45602 Lamp Dimmer Module" config="ge/dimmer_module.xml"/>
		<Product type="4457" id="3230" name="45606 2-Way Dimmer Switch" config="ge/dimmer.xml"/>
		<Product type="4944" id="3031" name="12724 3-Way Dimmer Switch"/>
		<Product type="5250" id="3030" name="45603 Plugin Appliance Module"/>
		<Product type="5250" id="3130" name="45604 Outdoor Module"/>
		<Product type="5252" id="3530" name="45605 Duplex Receptacle"/>
		<Product type="5257" id="3533" name="45609 On/Off Relay Switch" config="ge/relay.xml"/>
		<Product type="4457" id="3033" name="45613 3-Way Dimmer Switch" config="ge/dimmer.xml"/>
		<Product type="4952" id="3032" name="12722 On/Off Relay Switch" config="ge/relay.xml"/>
	</Manufacturer>
	<Manufacturer id="0091" name="Kamstrup">
	</Manufacturer>
	<Manufacturer id="0090" name="Kwikset">
		<Product type="0001" id="0001" name="Touchpad Electronic Deadbolt"/>
	</Manufacturer>
	<Manufacturer id="0051" name="Lagotek Corp">
	</Manufacturer>
	<Manufacturer id="001d" name="Leviton">
		<Product type="0101" id="0206" name="RZP15-1LW Binary Scene Switch"/>
		<Product type="0201" id="0206" name="RZP03-1LW Binary Scene Switch"/>
		<Product type="0202" id="030b" name="VRP03-1LW Lamp Module"/>
		<Product type="0301" id="0206" name="RZS15-1LX Binary Scene Switch"/>
		<Product type="0301" id="0209" name="VRS15-1LZ Binary Scene Switch"/>
		<Product type="0401" id="0206" name="RZI10-1LX Multilevel Scene Switch" config="leviton/rzi10.xml"/>
		<Product type="0401" id="0209" name="VRI06-1LX Multilevel Scene Switch" config="leviton/vri06.xml"/>
		<Product type="0501" id="0206" name="VRI10-1LX Multilevel Scene Switch" config="leviton/vri10.xml"/>
		<Product type="0501" id="0209" name="VRI10-1LZ Scene Capable Dimmer" config="leviton/vri10.xml"/>
		<Product type="0602" id="0209" name="VRMX1-1LZ Multilevel Scene Switch" config="leviton/vri10.xml"/>
		<Product type="0901" id="0215" name="VRC51-1LX One Scene Controller"/>
		<Product type="0702" id="0261" name="VRCZ4-M0Z 4-Button Zone Controller"/>
		<Product type="0b02" id="030b" name="VRC0P-1LW Plug-in Serial Interface Module"/>
		<Product type="0c01" id="0206" name="VRCPG-SG RF Handheld Remote Controller" config="leviton/vrcpg.xml"/>
		<Product type="1001" id="0209" name="VRF01-1LZ Multilevel Scene Switch - 1.5A Fan" config="leviton/vrf01.xml"/>
		<Product type="1102" id="0243" name="VRCS2-MRZ 2-Button Scene Controller with Switches"/>
	</Manufacturer>
	<Manufacturer id="014f" name="Linear">
                <Product type="4450" id="3030" name="PD300Z-2 Plug-in Dimmer Module" config="linear/PD300Z-2.xml"/>
                <Product type="4457" id="3034" name="WD500Z-1 Wall Dimmer Switch" config="linear/WD500Z-1.xml"/>
                <Product type="4457" id="3331" name="WD1000Z-1 Wall Dimmer Switch"/>
                <Product type="5246" id="3133" name="FS20Z Isolated Contact Fixture Module"/>
                <Product type="5250" id="3030" name="PS15Z-2 Plug-in Appliance Module"/>
                <Product type="5252" id="3530" name="WO15Z-1 Single Wall Outlet"/>
                <Product type="5257" id="3533" name="WS15Z-1"/>
                <Product type="5457" id="3033" name="WT00Z-1 3-Way wall Accessory Switch"/>
        </Manufacturer>
	<Manufacturer id="015e" name="Locstar">
                <Product type="8015" id="0001" name="LS-8015-ZW Single Latch Door Lock"/>
	</Manufacturer>
	<Manufacturer id="007f" name="Logitech">
	</Manufacturer>
	<Manufacturer id="0025" name="Loudwater Tech">
	</Manufacturer>
	<Manufacturer id="0071" name="LS Control">
		<Product type="0002" id="035D" name="ES 861 Temperature Sensor"/>
	</Manufacturer>
	<Manufacturer id="003d" name="Marmitek BV">
	</Manufacturer>
	<Manufacturer id="003e" name="Martec Access">
	</Manufacturer>
	<Manufacturer id="008f" name="MB Design">
	</Manufacturer>
	<Manufacturer id="015f" name="Mcohome">
		<Product type="0001" id="0001" name="Mini Energy Dimmer"/>
		<Product type="0002" id="0001" name="Mini Energy Switch"/>
		<!--EU-->
		<Product type="3102" id="0201" name="MH-S311 One-load" config="mcohome/mhs311.xml"/>
		<Product type="3102" id="0202" name="MH-S312 Two-load" config="mcohome/mhs312.xml"/>
		<Product type="3102" id="0204" name="MH-S314 Four-load" config="mcohome/mhs314.xml"/>		
		<Product type="4102" id="0201" name="MH-S411 One-load" config="mcohome/mhs411.xml"/>
		<Product type="4102" id="0202" name="MH-S412 Two-load" config="mcohome/mhs412.xml"/>		
		<!--US-->
		<Product type="5102" id="0103" name="Touch Panel Switch MH-S513" config="mcohome\mhs513.xml"/>
	</Manufacturer>
	<Manufacturer id="007a" name="Merten">
		<Product type="8001" id="0001" name="Plug-in Appliance Module"/>
		<Product type="8002" id="0001" name="Plug-in Dimmer Module"/>
		<Product type="8003" id="0001" name="Plug-in Roller Shutter Module" config="merten/507801.xml"/>
		<Product type="4003" id="0001" name="Wall Dimmer Module"/>
		<Product type="4002" id="0001" name="Wall Appliance Module"/>
		<Product type="4004" id="0001" name="Wall Roller Shutter Module" config="merten/50x5xx.xml"/>
		<Product type="8001" id="8001" name="Receiver Flush-Mounted 1-Gang Switch"/>
		<Product type="0003" id="0004" name="Transmitter Flush-Mounted 4-Gang Switch"/>
		<Product type="0001" id="0002" name="Transmitter 1-Gang Switch"/>
		<Product type="0001" id="0004" name="Transmitter 2-Gang Switch"/>
		<Product type="0002" id="0001" name="Transmitter Move"/>
	</Manufacturer>
	<Manufacturer id="008c" name="MIOS">
		<Product type="0001" id="0001" name="Vera Lite"/>
	</Manufacturer>
	<Manufacturer id="0122" name="Miyakawa Electric Works">
		<Product type="0001" id="0001" name="ME-D101 Electric Power Measuring Instrument"/>
		<Product type="8000" id="0000" name="ZW-GW Smart Bridge"/>
	</Manufacturer>
	<Manufacturer id="007e" name="Monster Cable">
	</Manufacturer>
	<Manufacturer id="003f" name="Motorola">
	</Manufacturer>
	<Manufacturer id="0083" name="MTC Maintronic">
	</Manufacturer>
	<Manufacturer id="0165" name="NodOn">
    		<Product type="0001" id="0001" name="ASP-3-1-00 Smart Plug" config="nodon/asp3100SmartPlug.xml"/>
    		<Product type="0002" id="0001" name="CRC-3-1-00 Octan Remote" config="nodon/crc3100OctanRemote.xml"/>
    		<Product type="0002" id="0003" name="CWS-3-1-01 Wall Switch" config="nodon/cws3101wallswitch.xml"/>
	</Manufacturer>
	<Manufacturer id="0096" name="NorthQ">
		<Product type="0001" id="0001" name="NQ-92021 Power Reader" config="northq/nq92021.xml"/>
		<Product type="0001" id="0002" name="NQ-9021 Power Reader"/>
		<Product type="0010" id="0001" name="NQ-9121 Gas Meter"/>
	</Manufacturer>
	<Manufacturer id="0040" name="Novar EDS">
	</Manufacturer>
	<Manufacturer id="0041" name="OpenPeak Inc.">
	</Manufacturer>
	<Manufacturer id="013c" name="Philio Technology Corporation">
		<Product type="0001" id="0001" name="PAN11-4 Smart Energy Plug In Switch"/>
		<Product type="0001" id="0003" name="PAN04-1 Double Relay Switch 2x1.5kW with Power Measurement" config="philio/pan04.xml"/>
		<Product type="0001" id="0004" name="PAN06-1 In Wall Dual Relay (1 Way) Switch Module"/>
		<Product type="0001" id="0006" name="PAN08-1 In Wall Roller Shutter Controller"/>
		<Product type="0001" id="0012" name="PAN04-1 Double Relay Switch 2x1.5kW with Power Measurement" config="philio/pan04.xml"/>
		<Product type="0002" id="0002" name="PSM02-1 Slim Multi-Sensor" config="philio/psm02.xml"/>
                <Product type="0002" id="000c" name="PST02-A 4 in 1 Multi-Sensor" config="philio/pst02.xml"/>
		<Product type="0002" id="000d" name="PST02-B PIR/Motion 3 in 1 Sensor" config="philio/pst02-b.xml"/>
		<Product type="0002" id="000e" name="PST02-C Door/Window 3 in 1 sensor" config="philio/pst02-1c.xml"/>
	</Manufacturer>
	<Manufacturer id="010e" name="Polycontrol">
		<Product type="0002" id="0001" name="Danalock Keypad" config="polycontrol/keypad.xml"/>
		<Product type="0003" id="0002" name="Danalock Circle/Square" config="polycontrol/doorlock.xml"/>
		<Product type="0001" id="0001" name="Polylock" config="polycontrol/polylock.xml"/>
	</Manufacturer>
	<Manufacturer id="0154" name="Popp">
		<Product type="1100" id="0001" name="123601 Plug-in Switch" config="popp/123601.xml" />
		<Product type="1100" id="0002" name="123580 Plug-in Dimmer" config="popp/123580.xml" />
		<Product type="0001" id="0001" name="123658 Plug-in Switch plus Power Meter" config="popp/123658.xml" />
		<Product type="0003" id="0001" name="POPE009105 Wall Plug switch Schuko (IP44) - Gen 5" config="popp/POPE009105.xml" />
		<Product type="0100" id="0101" name="Battery Wall Switch Z-Wave+" config="popp/POP009303.xml" />
	</Manufacturer>
	<Manufacturer id="0064" name="Popp / Duwi">
		<Product type="0001" id="0000" name="ZW EDAN 300 Flush Mounted Dimmer" />
		<Product type="1000" id="0002" name="Flush Mounted Switch"/>
		<Product type="1001" id="0000" name="Plugin Dimmer" />
		<Product type="2001" id="0000" name="ZW ES 1000 Flush Mounted Switch" config="duwi/ZWES1000.xml" />
		<Product type="3001" id="0000" name="ZW ZS 3500 Plugin Switch" />
		<Product type="3002" id="0000" name="ZW ZSA 3500 Plugin Switch" />
		<Product type="4001" id="0000" name="ZW ESJ Blind Control" config="duwi/ZWESJ300.xml" />
		<Product type="5002" id="0000" name="Wireless Flush Mounted Switch" />
	</Manufacturer>
	<Manufacturer id="0016" name="PowerLynx">
	</Manufacturer>
	<Manufacturer id="0042" name="Pragmatic Cons">
	</Manufacturer>
	<Manufacturer id="0163" name="Queenlock">
		<Product type="3001" id="0301" name="ZW-702 Door Lock"/>
	</Manufacturer>
	<Manufacturer id="0095" name="Qees">
		<Product type="3101" id="0001" name="RETO Dimmer Plus 2013"/>
		<Product type="3103" id="0001" name="RETO Plug-in Switch Plus" config="qees/reto-plugin-switch.xml" />
	</Manufacturer>
	<Manufacturer id="0159" name="Qubino">
		<Product type="0001" id="0001" name="ZMNHDA2 Flush Dimmer" config="qubino/ZMNHDA2.xml"/>
		<Product type="0001" id="0051" name="ZMNHDD1 Z-Wave Plus Flush Dimmer" config="qubino/ZMNHDD1.xml"/>
		<Product type="0002" id="0001" name="ZMNHBA2 Flush 2 Relays" config="qubino/ZMNHBA2.xml"/>
		<Product type="0002" id="0051" name="ZMNHBD2 Flush 2 Relays" config="qubino/ZMNHBD2.xml"/>
		<Product type="0002" id="0002" name="ZMNHAA2 Flush 1 Relay" config="qubino/ZMNHAA2.xml"/>
		<Product type="0002" id="0052" name="ZMNHAD1 Flush 1 Relay" config="qubino/ZMNHAD1.xml"/>
		<Product type="0002" id="0053" name="ZMNHND1 Flush 1D relay" config="qubino/ZMNHND1.xml"/>
		<Product type="0003" id="0002" name="ZMNHCA2 Flush Shutter" config="qubino/ZMNHCA2.xml"/>
                <Product type="0003" id="0052" name="ZMNHCD Flush Shutter" config="qubino/ZMNHCD.xml"/>
		<Product type="0004" id="0001" name="ZMNHJA2 Flush Dimmer Fil Pilote" config="qubino/ZMNHJA2.xml"/>
		<Product type="0004" id="0051" name="ZMNHJD1 Flush Pilot Wire Dimmer" config="qubino/ZMNHJD1.xml"/>
		<Product type="0005" id="0001" name="ZMNHIA2 Flush on/off thermostat" config="qubino/ZMNHIA2.xml"/>
	</Manufacturer>
	<Manufacturer id="0130" name="Quby">
		<Product type="0001" id="0001" name="Energy Management System"/>
	</Manufacturer>
	<Manufacturer id="0100" name="Reitz-Group.de">
	</Manufacturer>
	<Manufacturer id="5254" name="Remotec">
		<Product type="0000" id="531f" name="Z-URC" config="remotec/zurc.xml"/>
		<Product type="0001" id="8380" name="ZRC-100"/>
		<Product type="0101" id="8371" name="ZXT-310EU"/>
		<Product type="0101" id="8377" name="ZXT-120" config="remotec/zxt-120.xml"/>
		<Product type="8201" id="8120" name="ZFM-X10EU Dual Mode Insert Module "/>
		<Product type="8000" id="0002" name="ZFM-80" config="remotec/zfm-80.xml" />
	</Manufacturer>
	<Manufacturer id="0010" name="RCS">
	  <Product type="0001" id="0002" name="TZ43 Thermostat" />
	  <Product type="0001" id="0005" name="TZ43-IHD SMUD Thermostat" config="rcs/therm0005.xml" />
	  <Product type="0001" id="0007" name="TZ45-IHD SMUD Thermostat" config="rcs/therm0007.xml" />
	  <Product type="0001" id="0009" name="TZ45 Thermostat" config="rcs/therm0009.xml" />
	  <Product type="0001" id="000a" name="TZ4Z-IHD RCS Thermostat" />
	  <Product type="454d" id="3532" name="EM52-ZW Z-Wave Home Energy Meter" config="rcs/em52-zw.xml" />
	  <Product type="504d" id="3132" name="PM12-ZW Z-Wave Power Monitoring Module" config="rcs/pm12-zw.xml" />
	</Manufacturer>
	<Manufacturer id="0065" name="RS Scene">
	</Manufacturer>
	<Manufacturer id="0030" name="HomeSeer Tech">
	</Manufacturer>
	<Manufacturer id="003b" name="Schlage">
		<Product type="634b" id="504c" name="FE599GR Wireless Door Lock"/>
		<Product type="6341" id="5044" name="BE469NXCEN Touchscreen DeadBolt" config="schlage/BE469NXCEN.xml"/>
	</Manufacturer>
	<Manufacturer id="0097" name="Schlage Link">
		<Product type="1182" id="4501" name="iTemp Dual Sensor" config="schlagelink/itemp.xml" />
		<Product type="1188" id="4501" name="iTemp Dual Sensor" config="schlagelink/itemp.xml" />
		<Product type="6941" id="5501" name="LE120 Appliance Module"/>
		<Product type="6131" id="4501" name="Mini Keypad RFID" config="schlagelink/minikeypad.xml" />
	</Manufacturer>
	<Manufacturer id="001f" name="Scientia Tech">
	</Manufacturer>
	<Manufacturer id="0069" name="Seluxit">
	</Manufacturer>
	<Manufacturer id="0043" name="Senmatic A/S">
	</Manufacturer>
	<Manufacturer id="019a" name="Sensative AB">
		<Product type="0003" id="0003" name="Strips-MAZW" config="sensative/strips-mazw.xml" />
	</Manufacturer>
	<Manufacturer id="0044" name="Sequoia Tech">
	</Manufacturer>
	<Manufacturer id="0151" name="Sercomm">
		<Product type="0002" id="0001" name="SW-CLP01-EU Clamp Power Meter"/>
	</Manufacturer>
	<Manufacturer id="0000" name="Sigma Designs">
		<Product type="0001" id="0001" name="UZB Z-Wave USB Adapter"/>
	</Manufacturer>
	<Manufacturer id="0045" name="Sine Wireless">
	</Manufacturer>
	<Manufacturer id="0070" name="Smart Products">
	</Manufacturer>
	<Manufacturer id="0047" name="Somfy">
	</Manufacturer>
	<Manufacturer id="166" name="Swiid">
		<Product type="100" id="100" name="SwiidInter" config="swiid/swiidinter.xml"/>
                <Product type="2007" id="0706" name="SwiidPlug" config="swiid/swiidplug.xml"/>
	</Manufacturer>
	<Manufacturer id="0009" name="Sylvania">
	</Manufacturer>
	<Manufacturer id="0012" name="Tell It Online">
	</Manufacturer>
	<Manufacturer id="0048" name="Telsey">
	</Manufacturer>
	<Manufacturer id="010c" name="There">
		<Product type="0001" id="0001" name="ThereGate"/>
	</Manufacturer>
	<Manufacturer id="019b" name="Thermo-Floor (Heatit)">
		<Product type="0001" id="0001" name="Multireg Z-Wave thermostat TF 016" config="thermofloor/multireg.xml"/>
	</Manufacturer>
	<Manufacturer id="008b" name="Trane">
		<Product type="5452" id="5431" name="Model TZEMT400AB32MAA" config="trane/TZEMT400AB32MAA.xml"/>
		<Product type="5452" id="5433" name="Model TZEMT400BB32MAA" config="trane/TZEMT400BB32MAA.xml"/>
		<Product type="5452" id="5436" name="Model TZEMT400BB32MAA" config="trane/TZEMT400BB32MAA.xml"/>
	</Manufacturer>
	<Manufacturer id="006b" name="Tricklestar">
	</Manufacturer>
	<Manufacturer id="0049" name="Twisthink">
	</Manufacturer>
	<Manufacturer id="0080" name="Vero Duco">
	</Manufacturer>
	<Manufacturer id="005e" name="ViewSonic">
	</Manufacturer>
	<Manufacturer id="0007" name="Vimar CRS">
	</Manufacturer>
	<Manufacturer id="010a" name="Vitrum">
		<Product type="1100" id="4900" name="Vitrum I EU Wireless Dimmer" config="vitrum/vitrumBS.xml"/> 
		<Product type="1100" id="4a00" name="Vitrum II EU Wireless Dimmer" config="vitrum/vitrumBS.xml"/> 
		<Product type="1200" id="5100" name="Vitrum I EU Wireless On-off" config="vitrum/vitrumBS.xml"/> 
		<Product type="1200" id="5200" name="Vitrum II EU Wireless On-off" config="vitrum/vitrumBS.xml"/> 
		<Product type="1300" id="5A00" name="Vitrum II EU Roller Blind Control" config="vitrum/vitrumBS.xml"/> 
		<Product type="2100" id="8a00" name="Vitrum II BS Wireless Dimmer" config="vitrum/vitrumBS.xml"/>
		<Product type="2200" id="9100" name="Vitrum I BS Wireless On-off" config="vitrum/vitrumBS.xml"/>
		<Product type="2200" id="9200" name="Vitrum II BS Wireless On-off" config="vitrum/vitrumBS.xml"/>
		<Product type="2200" id="9400" name="Vitrum IV BS Wireless On-off" config="vitrum/vitrumBS.xml"/>
		<Product type="4400" id="6400" name="Vitrum IV EU Wireless On-off" config="vitrum/vitrumBS.xml"/>
		<Product type="3400" id="6400" name="Vitrum IV EU Wireless On-off" config="vitrum/vitrumBS.xml"/>
		<Product type="1400" id="6600" name="Vitrum VI EU Wireless On-off" config="vitrum/vitrumBS.xml"/>
		<Product type="1400" id="6100" name="Vitrum I EU Wireless On-off" config="vitrum/vitrumBS.xml"/>
	</Manufacturer>
	<Manufacturer id="004a" name="Visualize">
	</Manufacturer>
	<Manufacturer id="004b" name="Watt Stopper">
	</Manufacturer>
	<Manufacturer id="0008" name="Wayne Dalton">
		<Product type="0007" id="0020" name="WDTC-20 Thermostat" config="waynedalton/WDTC-20.xml"/>
	</Manufacturer>
	<Manufacturer id="0171" name="WeBeHome AB">
		<Product type="0001" id="0001" name="WBH HG-900 Home Gateway"/>
	</Manufacturer>
	<Manufacturer id="0118" name="Wenzhou TKB Control System">
		<Product type="0001" id="0001" name="TZ88 Smart Energy Plug-in Switch" config="wenzhou/tz88.xml"/>
		<Product type="0002" id="0001" name="SM103 Door/Window Sensor" config="wenzhou/sm103.xml"/>
		<Product type="0002" id="0002" name="TSP01 3 in 1 PIR Motion Sensor" config="wenzhou/tsp01.xml" />
		<Product type="0808" id="0808" name="TZ65D Dual Wall Dimmer" config="wenzhou/tz65d.xml"/>
		<Product type="0101" id="0103" name="TZ68 On/Off Switch Socket" config="wenzhou/tz68.xml"/>
		<Product type="0102" id="1020" name="TZ66D Dual Wall Switch" config="wenzhou/tz66d.xml"/>
		<Product type="0202" id="0611" name="TZ67 Wall Plug Dimmer" config="wenzhou/tz67.xml"/>
		
	</Manufacturer>
	<Manufacturer id="0149" name="wiDom">
		<Product type="0012" id="0104" name="UBS104 Universal Relay Switch" config="widom/UBS104.xml"/>
		<Product type="1214" id="0304" name="UME304 Energy Driven Switch" config="widom/UME304C_S.xml"/>
	</Manufacturer>
	<Manufacturer id="004c" name="Woodward Labs">
	</Manufacturer>
	<Manufacturer id="0003" name="Wrap">
	</Manufacturer>
	<Manufacturer id="004d" name="Xanboo">
	</Manufacturer>
	<Manufacturer id="004e" name="Zdata">
	</Manufacturer>
	<Manufacturer id="0109" name="Vision">
		<Product type="1001" id="0101" name="ZU1401 Z-Wave USB Stick"/>
		<Product type="1001" id="0105" name="ZU1401 Z-Wave USB Stick"/>
		<Product type="2001" id="0101" name="ZD2102 US Door/Window Sensor" config="vision/zd2102.xml"/>
		<Product type="2001" id="0102" name="ZD2102 AU Door/Window Sensor" config="vision/zd2102.xml"/>
		<Product type="2001" id="0104" name="ZD2102 JP Door/Window Sensor" config="vision/zd2102.xml"/>
		<Product type="2001" id="0105" name="ZD2102 EU Door/Window Sensor" config="vision/zd2102.xml"/>
		<Product type="2001" id="0106" name="ZD2102 EU Door/Window Sensor" config="vision/zd2102.xml"/>
		<Product type="2002" id="0201" name="ZP3102 US PIR Motion Sensor" config="vision/zp3102.xml"/>
		<Product type="2002" id="0202" name="ZP3102 AU PIR Motion Sensor" config="vision/zp3102.xml"/>
		<Product type="2002" id="0203" name="ZP3102 EU PIR Motion Sensor" config="vision/zp3102.xml"/>
		<Product type="2002" id="0204" name="ZP3102 JP PIR Motion Sensor" config="vision/zp3102.xml"/>
		<Product type="2002" id="0205" name="ZP3102 EU PIR Motion Sensor" config="vision/zp3102.xml"/>
		<Product type="2003" id="0302" name="ZS5101 Shock and Vibration Sensor" config="vision/zs5101eu.xml"/>
		<Product type="2003" id="0306" name="ZS5101 Shock and Vibration Sensor" config="vision/zs5101eu.xml"/>
		<Product type="2004" id="0403" name="ZS6101 Smoke Detector"/>
		<Product type="2005" id="0503" name="ZM1601 Battery Operated Siren" config="vision/zm1601eu.xml"/>
		<Product type="2005" id="0505" name="ZM1601 Battery Operated Siren" config="vision/zm1601eu.xml"/>
		<Product type="2005" id="0508" name="ZM1601 Battery Operated Siren" config="vision/zm1601eu.xml"/>
		<Product type="2006" id="0610" name="ZM1701 Electronic Deadbolt Door Lock without Handle"/>
		<Product type="2006" id="0620" name="ZM1702 Electronic Deadbolt Door Lock with Handle"/>
		<Product type="2006" id="0621" name="ZM1701 Electronic Deadbolt Door Lock without Handle"/>
		<Product type="2007" id="0703" name="Plug-in Switch"/>
		<Product type="2008" id="0803" name="ZL7101 Plug-in Dimmer Module"/>
		<Product type="2009" id="0903" name="ZM1602 Main Operated Siren" config="vision/zm1602eu.xml"/>
		<Product type="2009" id="0908" name="ZM1602 Main Operated Siren" config="vision/zm1602eu.xml"/>
		<Product type="200a" id="0a02" name="ZG8101 Garage Door Detector"/>
		<Product type="200f" id="0f02" name="ZS6301 CO Detector"/>
		<Product type="200f" id="0f03" name="ZS6301 CO Detector"/>
		<Product type="2012" id="1203" name="ZR1202 Repeater"/>
		<Product type="2014" id="1401" name="ZL7101 Plug-in Dimmer Module"/>
		<Product type="2017" id="1717" name="ZL7432 In-Wall Switch, Dual Relay"/>
		<Product type="3001" id="0104" name="ZM1602 Main Operated Siren"/>
	</Manufacturer>
	<Manufacturer id="0115" name="Z-Wave.Me">
		<Product type="0001" id="0001" name="Z-Wave USB Stick"/>
		<Product type="0001" id="0069" name="Key Fob"/>
		<Product type="0002" id="0003" name="Z-Wave USB Stick"/>
		<Product type="0024" id="0001" name="Floor Thermostat"/>
		<Product type="0100" id="0001" name="ZME_KFOB 4 Button Key Fob" config="zwave.me/kfob.xml"/>
		<Product type="0100" id="0004" name="ZME_WCD2 Double Paddle Wall Controller" config="zwave.me/ZME_WCD2.xml"/>
		<Product type="0100" id="0101" name="ZME_WALLC-S Secure Wall Controller" config="zwave.me/ZME_WALLC-S.xml" />
		<Product type="0100" id="0102" name="ZME_KFOB-S 4 Button Key Fob" config="zwave.me/ZME_KFOB-S.xml" />
		<Product type="0100" id="0103" name="ZME_KFOB-C 4 Button Key Fob" config="zwave.me/ZME_KFOB-S.xml" />
		<Product type="0100" id="0200" name="Smoke Detector"/>
		<Product type="0100" id="0201" name="Smoke Detector"/>
		<Product type="0200" id="0001" name="iTemp Temperature Sensor" config="zwave.me/iTemp.xml"/>
		<Product type="0201" id="0001" name="iTemp Temperature Sensor" config="zwave.me/iTemp.xml"/>
		<Product type="0201" id="0002" name="Thermostat"/>
		<Product type="0201" id="0003" name="Binary Sensor"/>
		<Product type="0400" id="0001" name="ZME_UZB1 USB Stick"/>
		<Product type="1000" id="0001" name="ZME_054313Z Flush-Mountable Switch" config="zwave.me/ZME_05431.xml"/>
		<Product type="1000" id="0002" name="ZME_06433/05433 Wall Flush-Mountable Dimmer" config="zwave.me/ZME_06433.xml"/>
		<Product type="1000" id="0003" name="ZME_06436 Motor Control" config="zwave.me/ZME_06436.xml" />
		<Product type="1000" id="0004" name="ZME_064435 Wall Controller" config="zwave.me/ZME_064435.xml"/>
		<Product type="1000" id="0200" name="ZME_064381 IP44 Plug-in Switch" config="zwave.me/ZME_064381.xml"/>
		<Product type="1100" id="0002" name="PLDE Plug-in Dimmer"/>
	</Manufacturer>
	<Manufacturer id="0147" name="Z-Wave.Me">
		<Product type="0002" id="0003" name="RaZberry Controller"/>
		<Product type="0400" id="0001" name="RaZberry Controller ZWave+"/>
	</Manufacturer>
	<Manufacturer id="004f" name="Z-Wave Technologia">
	</Manufacturer>
	<Manufacturer id="0131" name="Zipato">
		<Product type="0002" id="0002" name="RGBW LED Bulb" config="zipato/RGBBulb.xml" />
		<Product type="6131" id="4501" name="Zipato Mini Keypad" config="zipato/MiniKeypad.xml" />
	</Manufacturer>
	<Manufacturer id="0021" name="Zykronix">
	</Manufacturer>
</ManufacturerSpecificData>
