<?xml version="1.0" encoding="utf-8"?>
<Product xmlns='http://code.google.com/p/open-zwave/'>
  <!--MCOHome Touch Panel Switch MH-S312 -->
  <!-- Configuration -->
  <CommandClass id="112">    
    <Value type="list" genre="config" instance="1" index="1" label="Saving state before power failure" size="1" value="1">
      <Help>Switch state saved or not when power down</Help>
      <Item label="Disabled" value="0"/>
      <Item label="Enabled" value="1"/>
    </Value>   
  </CommandClass>
    
  <!-- Map endpoints to instances -->
  <CommandClass id="96" mapping="endpoints" />
    
  <!-- Association Groups -->  
  <CommandClass id="133">
    <Associations num_groups="5">
      <Group index="1" max_associations="5" label="Button1" auto="false"/>
      <Group index="2" max_associations="5" label="Button2" auto="false"/>
      <Group index="3" max_associations="1" label="Lifeline" auto="true"/>
    </Associations>
  </CommandClass>
</Product>