<?xml version="1.0" encoding="utf-8"?>
<Product xmlns='http://code.google.com/p/open-zwave/'>
	<CommandClass id="112">
		<Value type="list" genre="config" index="3" label="Beeper" min="0" max="255" value="255">
			<Help>
				Enable or disable the beeper.
			</Help>
			<Item label="Disable Beeper" value="0" />
			<Item label="Enable Beeper" value="255" />

		</Value>
		<Value type="list" genre="config" index="4" label="Vacation Mode" min="0" max="255" value="0">
			<Help>
				Prevents all user codes from unlocking the deadbolt.
				Enable for extra security while you are away for
				an extended period of time.
			</Help>
			<Item label="Disable Vacation Mode" value="0" />
			<Item label="Enable Vacation Mode" value="255" />
		</Value>
		<Value type="list" genre="config" index="5" label="Lock &amp; Leave" units="" min="0" max="255" value="255">
			<Help>
				When enabled: Press the Outside Schlage Button to lock the
				deadbolt. (Default setting).
				When disabled: Press the Outside Schlage Button and then enter
				a user code to lock the deadbolt.
			</Help>
			<Item label="Disable Lock &amp; Leave" value="0" />
			<Item label="Enable Lock &amp; Leave" value="255" />
		</Value>
		<Value type="list" genre="config" index="7" label="Lock Alarm Mode" value="0">
			<Help>
				The alarm is turned off by default. After installation,
				you’ll need to turn on your alarm.

				Activity
				 Alarms when the door opens or closes.
				 Perfect for monitoring doors while you’re at home.
				 After the alarm is triggered, there is a built-in 3-second
				 delay for it to reset.
				 Sounds two short beeps.

				Tamper
				 Alarms when the lock is disturbed, while locked.
				 Senses subtle activity at the lock.
				 Sounds 15 second Alarm (90 dB)

				Forced Entry
				 Alarms when significant force pushes against the
				 door, while locked. Perfect for nighttime or
				 when you’re away from home.
				  • Least sensitive mode
				 Sounds three-minute shrill, steady alarm (90 dB)
			</Help>
			<Item label="Alarm Off" value="0" />
			<Item label="Activity" value="1" />
			<Item label="Tamper" value="2" />
			<Item label="Forced Entry" value="3" />
		</Value>
		<Value type="list" genre="config" index="8" label="Activity Alarm Sensitivity" value="3">
			<Help>
				Each alarm mode is preset to a sensitivity level of three.
				If your alarm is sounding too frequently, or not frequently enough,
				try changing this setting.
				If you change the alarm mode, the sensitivity will revert
				back to the default setting.
			</Help>
			<Item label="Most Sensitive" value="1" />
			<Item label="Medium/high Sensitivity" value="2" />
			<Item label="Medium Sensitivity" value="3" />
			<Item label="Medium/low Sensitivity" value="4" />
			<Item label="Least Sensitivity" value="5" />
		</Value>
		<Value type="list" genre="config" index="9" label="Tamper Alarm Sensitivity" value="3">
			<Help>
				Each alarm mode is preset to a sensitivity level of three.
				If your alarm is sounding too frequently, or not frequently enough,
				try changing this setting.
				If you change the alarm mode, the sensitivity will revert
				back to the default setting.
			</Help>
			<Item label="Most Sensitive" value="1" />
			<Item label="Medium/high Sensitivity" value="2" />
			<Item label="Medium Sensitivity" value="3" />
			<Item label="Medium/low Sensitivity" value="4" />
			<Item label="Least Sensitivity" value="5" />
		</Value>
		<Value type="list" genre="config" index="10" label="Forced Entry Alarm Sensitivity" value="3">
			<Help>
				Each alarm mode is preset to a sensitivity level of three.
				If your alarm is sounding too frequently, or not frequently enough,
				try changing this setting.
				If you change the alarm mode, the sensitivity will revert
				back to the default setting.
			</Help>
			<Item label="Most Sensitive" value="1" />
			<Item label="Medium/high Sensitivity" value="2" />
			<Item label="Medium Sensitivity" value="3" />
			<Item label="Medium/low Sensitivity" value="4" />
			<Item label="Least Sensitivity" value="5" />
		</Value>
		<Value type="list" genre="config" index="11" label="Disable Local Alarm Controls" value="255">
			<Help>
				Enables/Disables local alarm on/off, mode change, sensitivity changes
			</Help>
			<Item label="Disable local alarm controls" value="0" />
			<Item label="Enable local alarm controls" value="255" />
		</Value>
		<Value type="int" genre="config" index="12" read_only="true" label="Electronic transition count" />
		<Value type="int" genre="config" index="13" read_only="true" label="Mechanical transition count" />
		<Value type="int" genre="config" index="14" read_only="true" label="Electronic failed count">
			<Help>
				Each failed electronic attempt increments this count by one.
			</Help>
		</Value>
		<Value type="list" genre="config" index="15" label="Auto lock" value="0">
			<Help>
				When enabled, the lock will automatically relock 30 seconds
				after unlocking. (Disabled by default.)
			</Help>
			<Item label="Disable auto lock" value="0" />
			<Item label="Enable auto lock" value="255" />
		</Value>
		<Value type="byte" genre="config" index="16" label="User code pin length" min="4" max="8" value="4">
			<Help>
				User Code PIN length, a value between 4 and 8. 
				IMPORTANT: All user codes must be the same length.
			</Help>
		</Value>
		<Value type="int" genre="config" index="17" label="Electrical High Preload Transition Count" read_only="true">
			<Help>
				A subset of Electronic transition count, the number of transitions
				with high preload.
			</Help>
		</Value>
		<Value type="byte" genre="config" index="18" label="Bootloader Version" read_only="true">
			<Help>The version of the bootloader</Help>
		</Value>
	</CommandClass>

	<CommandClass id="113">
		<!-- These Door Locks don't send a DoorLockReport when the
		Lock Status is Changed, but instead send a Alarm Message -
		So we trigger a Refresh of the DoorLock Command Class when
		we recieve a Alarm Message Instead -->
		<TriggerRefreshValue Genre="user" Index="0" Instance="1">
			<RefreshClassValue CommandClass="98" RequestFlags="0" Index="1" Instance="1" />
		</TriggerRefreshValue>
	</CommandClass>
</Product>
