<?xml version="1.0" encoding="utf-8"?>
<Product xmlns='http://code.google.com/p/open-zwave/'>
	<!-- Configuration Parameters -->
	<CommandClass id="112">
		<Value type="list" index="1" genre="config" label="Ignore Start-Level (Transmitting)" value="1">
			<Help>Dimmers controlled by this switch will start dimming from their current level.</Help>
			<Item label="No" value="0" />
			<Item label="Yes" value="1" />
		</Value>
		<Value type="list" index="2" genre="config" label="Suspend Group 4" value="0">
			<Help>Disable transmitting commands to Z-Wave devices that are in Group 4 without disassociating those devices from the group.</Help>
			<Item label="No" value="0" />
			<Item label="Yes" value="1" />
		</Value>
		<Value type="list" index="3" genre="config" label="Night Light" value="0">
			<Help>In night-light mode the LED on the switch will turn ON when the switch is turned OFF.</Help>
			<Item label="No" value="0" />
			<Item label="Yes" value="1" />
		</Value>
		<Value type="list" index="4" genre="config" label="Invert Switch" value="0">
			<Help>Change the top of the switch to OFF and the bottom of the switch to ON. Note: If you invert the switches and also install the product upside down, remember the load will now be controlled by the right, not the left switch.</Help>
			<Item label="No" value="0" />
			<Item label="Yes" value="1" />
		</Value>
		<Value type="list" index="5" genre="config" label="Ignore Start-Level (Receiving)" value="1">
			<Help>This dimmer will start dimming from its current level.</Help>
			<Item label="No" value="0" />
			<Item label="Yes" value="1" />
		</Value>
		<Value type="list" index="6" genre="config" label="Don't Send Level After Dim" value="1">
			<Help>When you press and hold the bottom of the ZDM230 switch once, the Z-Wave devices that are associated into Group 1 are sent the Dim command. If this parameter is set to &quot;Yes&quot; the devices in Group 1 will not go to the same level as the ZDM230.</Help>
			<Item label="No" value="0" />
			<Item label="Yes" value="1" />
		</Value>
		<Value type="byte" index="7" genre="config" label="On/Off Command Dim Step" units="" min="1" max="99" value="1">
			<Help>Indicates how many levels the dimmer will change for each dimming step.</Help>
		</Value>
		<Value type="byte" index="8" genre="config" label="On/Off Command Dim Rate" units="x 10 milliseconds" min="1" max="255" value="3">
			<Help>This value indicates in 10 millisecond resolution, how often the dim level will change. For example, if you set this parameter to 1, then every 10ms the dim level will change. If you set it to 255, then every 2.55 seconds the dim level will change.</Help>
		</Value>
		<Value type="byte" index="9" genre="config" label="Local Control Dim Step" units="" min="1" max="99" value="1">
			<Help>Indicates how many levels the dimmer will change for each dimming step.</Help>
		</Value>
		<Value type="byte" index="10" genre="config" label="Local Control Dim Rate" units="x 10 milliseconds" min="1" max="255" value="3">
			<Help>This value indicates in 10 millisecond resolution, how often the dim level will change. For example, if you set this parameter to 1, then every 10ms the dim level will change. If you set it to 255, then every 2.55 seconds the dim level will change.</Help>
		</Value>
		<Value type="byte" index="11" genre="config" label="ALL ON/ALL OFF Dim Step" units="" min="1" max="99" value="1">
			<Help>Indicates how many levels the dimmer will change for each dimming step.</Help>
		</Value>
		<Value type="byte" index="12" genre="config" label="ALL ON/ALL OFF Dim Rate" units="x 10 milliseconds" min="1" max="255" value="3">
			<Help>This value indicates in 10 millisecond resolution, how often the dim level will change. For example, if you set this parameter to 1, then every 10ms the dim level will change. If you set it to 255, then every 2.55 seconds the dim level will change.</Help>
		</Value>
		<Value type="list" index="13" genre="config" label="Disable Group 4 During Dim">
			<Help>Units in Group 4 only track when the dimmer is being turned ON and OFF and not while dimming.</Help>
			<Item label="No" value="0" />
			<Item label="Yes" value="1" />
		</Value>
		<Value type="list" index="14" genre="config" label="Enable Shade Control Group 2" value="0">
			<Help>The ZDM230 can operate shade control devices via its group 2.</Help>
			<Item label="No" value="0" />
			<Item label="Yes" value="1" />
		</Value>
		<Value type="list" index="15" genre="config" label="Enable Shade Control Group 3" value="0">
			<Help>The ZDM230 can operate shade control devices via its group 3.</Help>
			<Item label="No" value="0" />
			<Item label="Yes" value="1" />
		</Value>
		<Value type="list" index="19" genre="config" label="LED Transmission Indication" value="2">
			<Help>The ZDM230 will flicker its LED when it is transmitting to any of its 4 groups. This flickering can be set to not flicker at all, to flicker the entire time it is transmitting, or to flicker for only 1 second when it begins transmitting.</Help>
			<Item label="None" value="0" />
			<Item label="While Transmitting" value="1" />
			<Item label="One Second Maximum" value="2" />
		</Value>
		<Value type="byte" index="20" genre="config" label="Poll Group 2 Interval" units="minutes" min="1" max="255" value="2">
			<Help>Poll Group 2 Interval</Help>
		</Value>
		<Value type="list" index="22" genre="config" label="Enable Group 2 Polling">
			<Help>Poll Group 2</Help>
			<Item label="No" value="0" />
			<Item label="Yes" value="1" />
		</Value>
	</CommandClass>

	<!-- Association Groups -->
	<CommandClass id="133">
		<Associations num_groups="4">
			<Group index="1" max_associations="5" label="Left Switch" />
			<Group index="2" max_associations="5" label="Right Switch" />
			<Group index="3" max_associations="5" label="Right Switch (2 Taps)" />
			<Group index="4" max_associations="5" label="Update Controller" auto="true" />
		</Associations>
	</CommandClass>
</Product>
