<?xml version="1.0" encoding="utf-8"?>
<!-- Aeotec LED Bulb -->
<Product xmlns='http://code.google.com/p/open-zwave/'>
	<!-- Configuration Parameters -->
	<CommandClass id="112">
		<Value type="list" index="32" genre="config" label="Send out a report when the color is changed" min="0" max="1" value="0" size="1">
			<Help>Enable/disable to send out a report when the color is changed</Help>
			<Item label="Disable" value="0" />
			<Item label="Hail CC" value="1" />
		</Value>
		<Value type="list" index="34" genre="config" label="Use External Switch to turn on/off the bulb" min="0" max="1" value="0" size="1">
			<Help>Enable/disable the function of using External Switch to turn on/off the bulb</Help>
			<Item label="Disable" value="0" />
			<Item label="Enable" value="1" />
		</Value>
		<Value type="list" index="35" genre="config" label="Use External Switch to changes the bulb color" min="0" max="1" value="1" size="1">
			<Help>Enable/disable the function of using External Switch to changes the bulb color</Help>
			<Item label="Disable" value="0" />
			<Item label="Enable" value="1" />
		</Value>
		<Value type="list" index="36" genre="config" label="Colorful mode" min="0" max="3" value="0" size="1">
			<Help>Reboot/save/exit Colorful mode</Help>
			<Item label="Un-reboot Colorful mode" value="0" />
			<Item label="Reboot Colorful mode" value="1" />
			<Item label="Exit Colorful mode" value="2" />
			<Item label="Save the current Colorful mode value and then to be exited" value="3" />
		</Value>
		<Value type="int" index="37" genre="config" label="Colorful mode configuration" min="0" max="4294967295" value="3840" size="4">
			<Help>Colorful mode configuration (See table)</Help>
		</Value>
		<Value type="int" index="38" genre="config" label="Color index configuration when the bulb is in Multi color mode" min="0" max="4294967295" value="2271560481" size="4">
			<Help>Color index configuration when the bulb is in Multi color mode (See table)</Help>
		</Value>
		<Value type="list" index="80" genre="config" label="Send notifications to associated devices (Lifeline)" min="0" max="2" value="2" size="1">
			<Help>Enable to send notifications to associated devices (Lifeline) when the state of LED Bulb is changed</Help>
			<Item label="Nothing" value="0" />
			<Item label="Hail" value="1" />
			<Item label="Basic" value="2" />
		</Value>
		<Value type="list" index="200" genre="config" label="Partner ID" units="" min="0" max="1" size="1" value="0">
			<Item label="Aeon Labs Standard Product" value="0" />
		</Value>   
		<Value type="list" genre="config" index="252" label="Lock/Unlock Configuration" min="0" max="1" value="0">
			<Help>Lock/ unlock all configuration parameters</Help>
			<Item label="Unlock" value="0"/>
			<Item label="Lock" value="1"/>
		</Value>
		<Value type="int" index="255" genre="config" label="Reset default configuration" units="" value="0" write_only="true" affects="all">
			<Help>Reset to the default configuration</Help>
		</Value>  	
    </CommandClass>    
    <!-- Association Groups -->
	<CommandClass id="133">
	    <Associations num_groups="2">
			<Group index="1" max_associations="5" label="Lifeline" />
			<Group index="1" max_associations="5" label="Retransmit" />
	    </Associations>
  </CommandClass>
</Product>
