<?xml version="1.0" encoding="utf-8"?>
<!-- Aeon Labs Water Sensor -->
<Product xmlns='http://code.google.com/p/open-zwave/'>

	<!-- Configuration Parameters -->
	<CommandClass id="112">
		<Value type="list" index="1" genre="config" label="Sensor Binary Report Toggle" min="0" max="1" value="0" size="1">
			<Help>Toggle the sensor binary report value when the Water Sensor is Triggered</Help>
			<Item label="Normal" value="0" />
			<Item label="Inverse" value="1" />
		</Value>
		<Value type="list" index="2" genre="config" label="Wake Up on Power On" min="0" max="1" value="0" size="1">
			<Help>Enable wake up 10 minutes when the power is switched on.</Help>
			<Item label="Disable" value="0" />
			<Item label="Enable" value="1" />
		</Value>
		<Value type="list" index="3" genre="config" label="Basic Set Toggle" min="0" max="1" value="0" size="1">
			<Help>Toggle the basic set value when the Water Sensor is Triggered</Help>
			<Item label="Normal" value="0" />
			<Item label="Inverse" value="1" />
		</Value>
	        <Value type="int" genre="config" index="121" label="Report Type to Send" min="0" max="4369" value="4113">
        	    <Help>To set which command will be sent to the associated nodes when the Water Sensor is triggered.
	            	Bitsets:
	         	1 -> Battery
	                4 -> Sensor Binary
	                8 -> Basic Set
	                12 -> Alarm
	              	Default setting: 0x100 (Basic Set)
              		OZW Ideal Setting: 0x1011 (Battery, Sensor Binary Report, Alarm)
            	    </Help>
        	</Value>

		<Value type="button" index="255" genre="config" label="Reset to default" write_only="true" value="0" >
			<Help>Reset to factory defaults.</Help>
		</Value>
	</CommandClass>

	<!-- the Device Doesn't support Get for Alarm Class -->
	<CommandClass id="113" getsupported="false"/>

	<!-- Association Groups -->
	<CommandClass id="133">
		<Associations num_groups="1">
			<Group index="1" max_associations="4" label="Reports" />
		</Associations>
	</CommandClass>

</Product>
