<?xml version="1.0" encoding="utf-8"?>
<!-- Aeotec Z‐Stick Gen5 -->
<Product xmlns='http://code.google.com/p/open-zwave/'>
	<!-- Configuration Parameters -->
	<CommandClass id="112">
		<Value type="list" index="81" genre="config" label="LED indicator light configuration" min="0" max="1" value="1" size="1">
			<Help>When the USB power supply, the LED indicator light configuration</Help>
			<Item label="Disable" value="0" />
			<Item label="Enable" value="1" />
		</Value>		
		<Value type="list" index="220" genre="config" label="Configuration of the RF power level" min="1" max="10" value="10" size="1">
			<Help>1~10, other= ignore. 
				A total of 10 levels, level 1 as the weak output power, and so on, 10 for most output power level</Help>
			<Item label="1" value="1" />
			<Item label="2" value="2" />
			<Item label="3" value="3" />
			<Item label="4" value="4" />
			<Item label="5" value="5" />
			<Item label="6" value="6" />
			<Item label="7" value="7" />
			<Item label="8" value="8" />
			<Item label="9" value="9" />
			<Item label="10" value="10" />
		</Value>		
		<Value type="list" index="242" genre="config" label="Security network enabled" min="0" max="1" value="0" size="1">
			<Help></Help>
			<Item label="Disable" value="0" />
			<Item label="Enable" value="1" />
		</Value>		
		<Value type="int" index="243" genre="config" label="Security network key" size="16">
			<Help></Help>
		</Value>
		<Value type="list" genre="config" index="252" label="Lock/Unlock Configuration" min="0" max="1" value="0">
			<Help>Lock/ unlock all configuration parameters</Help>
			<Item label="Unlock" value="0"/>
			<Item label="Lock" value="1"/>
		</Value>
		<Value type="int" index="255" genre="config" label="Reset default configuration" units="" value="0" write_only="true" affects="all">
			<Help>Reset to the default configuration</Help>
		</Value>  	
    </CommandClass>  
</Product>
