<?xml version="1.0" encoding="utf-8"?>
<Product xmlns='http://code.google.com/p/open-zwave/'>

<!-- Qubino: ZMNHCD Flush shutter with SW version S3 and above (SW version is part of P/N). Example: P/N: ZMNHCDx H1S3P1 for SW version 3 -->

	<!-- Configuration  -->
	<CommandClass id="112">
	<Value type="list" genre="config" instance="1" index="10" label="Activate / deactivate functions ALL ON / ALL OFF" size="2" min="0" max="255" value="255">
		<Help>Flush shutter responds to commands ALL ON / ALL OFF that may be sent by the main controller or by other controllers belonging to the system. Default is ALL ON active, ALL OFF active</Help>
		<Item label="ALL ON active, ALL OFF active" value="255" />
		<Item label="ALL ON is not active ALL OFF is not active" value="0" />
		<Item label="ALL ON is not active ALL OFF active" value="1" />
		<Item label="ALL ON active ALL OFF is not active" value="2" />
		</Value>

		<Value type="byte" genre="config" instance="1" index="40" label="Power reporting in Watts on power change for Q1 or Q2" min="0" max="100" value="1">
			<Help>Set value means percentage, set value from 0 – 100 = 0% - 100%. Available configuration parameters : 0 - Reporting Disabled. 1 – 100 = 1% – 100% Reporting enabled. Power report is send (push) only when actual power (in Watts) in real time changes for more than set percentage comparing to previous actual power in Watts, step is 1%. NOTE: if power changed is less than 1W, the report is not send (pushed), independent of percentage set. Default value 1</Help>
		</Value>
	
		<Value type="short" genre="config" instance="1" index="42" label="Power reporting in Watts by time interval for Q1 or Q2" min="0" max="32767" value="300">
			<Help>Set value means time interval (0 – 32767) in seconds, when power report is send. Available configuration parameters : 0 – Reporting Disabled. 1 – 32767 = 1 second – 32767 seconds. Reporting enabled, power report is send with time interval set by entered value. Default value 300 (power report in Watts is send each 300s)</Help>
		</Value>

		<Value type="list" genre="config" instance="1" index="71" label="Operating modes" size="1" min="0" max="1" value="0">
			<Help>This parameter defines selection between two available operating modes. NOTE: When setting parameter, module needs to be excluded and included again! Default is shutter mode</Help>
			<Item label="Shutter mode" value="0" />
			<Item label="Venetian mode (up/down and slate rotation)" value="1" />
		</Value>

		<Value type="short" genre="config" instance="1" index="72" label="Slats tilting full turn time" min="0" max="32767" value="150">
			<Help>This parameter defines the time necessary for slats to make full turn (180 degrees). Configuration parameters : 0 – Tilting time disabled. 1 – 32767 = 0,01seconds – 327,67 seconds. NOTE: If time set is too high, this will result that after full turn, shutter will start move up or down, for time remaining. Default value 150 (1,5 seconds)</Help>
		</Value>

		<Value type="list" genre="config" instance="1" index="73" label="Slats position" size="1" min="0" max="1" value="1">
			<Help>This parameter defines slats position after up/down movement through Z-wave or push-buttons. Default : slats return to previously set position in case of Z-wave control, push-button operation or when the lower limit switch is reached</Help>
			<Item label="Z-wave control (not valid for limit switch positions)" value="0" />
			<Item label="Z-wave control, button or lower limit switch" value="1" />
		</Value>

		<Value type="short" genre="config" instance="1" index="74" label="Motor moving up/down time" min="0" max="32767" value="0">
			<Help>This parameter defines shutter motor moving time for complete opening or complete closing. Available configuration parameters : 0 – moving time disabled (working with limit switches). 1 – 32767 = 0,1seconds – 3276,7seconds. After that time motor is stopped (relay goes to off state). NOTE: Important is that the reference position to manually set moving time is always shutter lower position! Set parameter 74 to 0 and move the shutter (using up/down push buttons or main controller UI) to the lowest desired position. On this shutter position, set parameter 74 to time for complete opening or complete closing. At this point shutter can be moved up (open) for set time, but can't be moved down because this position is already set as lower shutter position. To change shutter lower position below already set (manual recalibration), parameter 74 must be set to 0 and repeat the procedure described above. In case shutter has limit switches, but anyhow you would like to limit opening/closing position by time, you can still do it. In case you put time that is longer that opening/closing real time limited by limit switches, shutter will stop at limit switch, but the module relay will switch off after define time, not by shutter limit switch. Take in consideration that in this condition, the positioning with slider through UI will not show correct shutter position. Default value 0</Help>
		</Value>

		<Value type="byte" genre="config" instance="1" index="76" label="Motor operation detection" min="0" max="255" value="10">
			<Help>Power threshold to be interpreted when motor reach the limit switch. Available configuration parameters: 0 – 127 = 1-127 W. The value 0 means reaching a limit switch will not be detected. Default value: 10 = 10W</Help>
		</Value>

		<Value type="list" genre="config" instance="1" index="78" label="Forced Shutter calibration" size="1" min="0" max="1" value="0">
			<Help>By modifying the parameters setting from 0 to 1 a Shutter enters the calibration mode. After shutter performs the calibration process, completing full cycle - up, down and up, set the parameter value back to disabled (default value)</Help>
			<Item label="Disabled" value="0" />
			<Item label="Start calibration process" value="1" />
		</Value>

		<Value type="byte" genre="config" instance="1" index="85" label="Power consumption max delay time" min="0" max="50" value="0">
			<Help>This parameter defines the max time before motor power consumption is read after one of the relays is switched ON. If there is no power consumption during this max time (motor not connected, damaged or requires higher time to start, motor in end position,.) the relay will switch OFF. Time is defined by entering it manually. Available configuration parameters : 0 = time is set automatically. 3 – 50 = 0,3seconds – 5seconds (100ms resolution). Default value 0 (auto)</Help>
		</Value>
		
		<Value type="byte" genre="config" instance="1" index="90" label="Time delay for next motor movement" min="1" max="30" value="5">
			<Help>This parameter defines the minimum time delay between next motor movement (minimum time between switching motor off and on again). Available configuration parameters : 1 – 30 = 0,1seconds – 3seconds (100ms resolution). Default value 5 = 500ms</Help>
		</Value>
		
		<Value type="short" genre="config" instance="1" index="110" label="Temperature sensor offset settings" min="1" max="32536" value="32536">
			<Help>Set value is added or subtracted to actual measured value by sensor. Available configuration parameters : 32536 – offset is 0.0C. From 1 to 100 – value from 0.1 °C to 10.0 °C is added to actual measured temperature. From 1001 to 1100 – value from -0.1 °C to -10.0 °C is subtracted to actual measured temperature. Default value 32536 (0.0C)</Help>
		</Value>

		<Value type="byte" genre="config" instance="1" index="120" label="Digital temperature sensor reporting" min="1" max="127" value="5">
			<Help>digital temperature sensor is connected, module reports measured temperature on temperature change defined by this parameter. Available configuration parameters : 0 – Reporting disabled. 1-127 = 0,1°C – 12,7°C, step is 0,1°C. Default value 5 = 0.5°C</Help>
		</Value>
	</CommandClass>

	<!-- Association Groups -->
	<CommandClass id="133">
		<Associations num_groups="9">
			<Group index="1" max_associations="1" label="Default reporting" auto="true"/>
			<Group index="2" max_associations="16" label="Basic on/off for I1" />
			<Group index="3" max_associations="16" label="Basic on/off for I2" />
			<Group index="4" max_associations="16" label="Basic on/off (sensing moving direction of roller: up=FF, down=0)" />
			<Group index="5" max_associations="16" label="Basic on/off (roller position: bottom=FF, top=0)" />
			<Group index="6" max_associations="16" label="Basic on/off (roller position: bottom=FF, not bottom=0)" />
			<Group index="7" max_associations="16" label="Multilevel (flush shutter DC position change)" />
			<Group index="8" max_associations="16" label="Multilevel (slats tilting position change)" />
			<Group index="9" max_associations="16" label="Multilevel (temperature change)" />
		</Associations>
	</CommandClass>

	<!-- Remove COMMAND_CLASS_BASIC -->
	<CommandClass id="32" action="remove" />

	<!-- Map endpoints to instances -->
	<CommandClass id="96" mapping="endpoints" />
	
</Product>
