<?xml version="1.0" encoding="utf-8"?>
<Product xmlns='http://code.google.com/p/open-zwave/'>

<!-- Qubino: ZMNHIA2 Flush On Off thermostat -->

	<!-- Configuration -->
	<CommandClass id="112">
		<Value type="list" genre="config" instance="1" index="1" label="Input 1 switch type" size="1" min="0" max="1" value="1">
			<Help/>
			<Item label="Mono-stable" value="0"/>
			<Item label="Bi-stable" value="1"/>
		</Value>

		<Value type="list" genre="config" instance="1" index="2" label="Input 2 contact type" size="1" min="0" max="1" value="0">
			<Help/>
			<Item label="NO (normaly open) input type" value="0"/>
			<Item label="NC (normaly close) input type" value="1"/>
		</Value>

		<Value type="list" genre="config" instance="1" index="3" label="Input 3 contact type" size="1" min="0" max="1" value="0">
			<Help/>
			<Item label="NO (normaly open) input type" value="0"/>
			<Item label="NC (normaly close) input type" value="1"/>
		</Value>

		<Value type="list" genre="config" instance="1" index="10" label="Activate / deactivate functions ALL ON/ALL OFF" size="1" min="0" max="255" value="255">
			<Help>Flush on off thermostat module responds to commands ALL ON / ALL OFF that may be sent by the main controller or by other controller belonging to the system.</Help>
			<Item label="ALL ON active, ALL OFF active" value="255" />
			<Item label="ALL ON is not active ALL OFF is not active" value="0" />
			<Item label="ALL ON is not active ALL OFF active" value="1" />
			<Item label="ALL ON active ALL OFF is not active" value="2" />
		</Value>

		<Value type="list" genre="config" instance="1" index="30" label="Saving the state of the relay after a power failure" size="1" min="0" max="1" value="0">
			<Help/>
			<Item label="Flush dimmer module saves its state before power failure (it returns to the last position saved before a power failure)" value="0" />
			<Item label="Flush dimmer module does not save the state after a power failure, it returns to off position" value="1" />
		</Value>

		<Value type="byte" genre="config" instance="1" index="40" label="Power reporting in Watts on power change" size="1" min="0" max="100" value="5">
			<Help>Set value from 0 - 100 (0% - 100%). 0 - Reporting Disabled. 1 - 100 = 1% - 100% Reporting enabled. Power report is send (push) only when actual power in Watts in real time change for more than set percentage comparing to previous actual power in Watts, step is 1%. Default value 5</Help>
		</Value>

		<Value type="short" genre="config" instance="1" index="42" label="Power reporting in Watts by time interval" min="0" max="65535" value="300">
			<Help>Set value means time interval (0 - 65535) in seconds, when power report is send. 0 - Reporting Disabled. 1 - 65535 = 1 second - 65535 seconds. Reporting enabled. Power report is send with time interval set by entered value. Default value 300 (power report in Watts is send each 300s)</Help>
		</Value>

		 <Value type="byte" genre="config" instance="1" index="43" label="Hysteresis On" size="1" min="0" max="255" value="132">
                        <Help>This parameter defines temperature min difference between real measured temperature and set-point temperature to turn heating on. The parameter can be set from 0 to 255 where 0 to 128 means from 0.0 °C to 12.8 °C and from 129 to 255 means from - 0.0 °C to -12.8 °C.</Help>
                </Value>

		<Value type="byte" genre="config" instance="1" index="44" label="Hysteresis Off" size="1" min="0" max="255" value="132">
			<Help>This parameter defines temperature min difference between real measured temperature and set-point temperature to turn heating off. The parameter can be set from 0 to 255 where 0 to 128 means from 0.0 °C to 12.8 °C and from 129 to 255 means from - 0.0 °C to -12.8 °C.</Help>
		</Value>

                <Value type="byte" genre="config" instance="1" index="45" label="Antifreeze" size="1" min="0" max="255" value="50">
			<Help>Set value means at which temperature the heating will be turned on even if the thermostat was manually set to off. The parameter can be set from 0 to 255 where 0 to 128 means from 0.0 °C to 12.8 °C and from 129 to 255 means from - 0.0 °C to -12.8 °C.</Help>
		</Value>

		<Value type="list" genre="config" instance="1" index="63" label="Switch selection" size="1" min="0" max="1" value="1">
			<Help>Set value means the type of the heating device that is connected to the relay output. The heating device type can be normally open (NO) or normally close (NC).</Help>
			<Item label="NO (normaly open) input type" value="0"/>
			<Item label="NC (normaly close) input type" value="1"/>
		</Value>

	</CommandClass>

	<!-- Association Groups -->
	<CommandClass id="133">
		<Associations num_groups="5">
			<Group index="1" max_associations="5" label="Multilevel" />
			<Group index="2" max_associations="5" label="Input I1 state" />
			<Group index="3" max_associations="5" label="Input I2 state" />
			<Group index="4" max_associations="5" label="Input I3 state" />
			<Group index="5" max_associations="1" label="Default reporting" />
		</Associations>
	</CommandClass>

	<!-- Remove COMMAND_CLASS_BASIC -->
	<CommandClass id="32" action="remove" />

	<!-- Map endpoints to instances -->
	<CommandClass id="96" mapping="endpoints" />

</Product>
